entry_index,exit_index,side,entry_time,exit_time,entry_price,exit_price,qty,gross_pnl,net_pnl,return_pct,bars_held,exit_reason,entry_confidence,market_regime
159,165,SHORT,2026-01-09 21:30:00,2026-01-09 22:00:00,90512.09396,90517.29983999999,0.016555165588312624,-0.08618420543278671,-1.2849728417171287,-5.751584978571705e-05,6,TIME_EXIT,0.9832645641493437,RANGING
167,168,SHORT,2026-01-09 22:10:00,2026-01-09 22:15:00,90511.79402,90422.09080199999,0.021368063004876484,1.9167840139643766,0.37030135372695216,0.0009910666225463206,1,TAKE_PROFIT,0.8272924462130946,RANGING
194,195,LONG,2026-01-10 00:25:00,2026-01-10 00:30:00,90555.6075,90593.74262700001,0.036057092637367866,1.375041806977363,-1.2376457525139275,0.00042112386027575295,1,TAKE_PROFIT,0.9011705386097822,RANGING
199,202,LONG,2026-01-10 00:50:00,2026-01-10 01:05:00,90558.00798,90588.57366099999,0.03985926459316809,1.2183255664490822,-1.6698222446615356,0.0003375259867326508,3,TAKE_PROFIT,0.8435616821292027,RANGING
207,213,SHORT,2026-01-10 01:30:00,2026-01-10 02:00:00,90609.77442,90711.43866,0.04275498970869129,-4.346653534941846,-7.447608174622975,-0.001122000806764598,6,TIME_EXIT,0.8202564779579805,RANGING
333,336,LONG,2026-01-10 12:00:00,2026-01-10 12:15:00,90711.03858,90717.32790500001,0.06527146809133391,0.41051347605481736,-4.3263248575005875,6.93336235421123e-05,3,TAKE_PROFIT,0.8392396744697019,RANGING
379,381,SHORT,2026-01-10 15:50:00,2026-01-10 16:00:00,90594.27752,90668.13,0.0732068562561235,-5.4065078875183366,-10.714368292300545,-0.0008152002755769797,2,REGIME_EXIT,0.8732617905214339,RANGING
422,428,SHORT,2026-01-10 19:25:00,2026-01-10 19:55:00,90545.58726,90609.51827999999,0.10590656848867258,-6.770714948179539,-14.444921184957426,-0.0007060644470327672,6,TIME_EXIT,0.8061120107130865,RANGING
478,480,LONG,2026-01-11 00:05:00,2026-01-11 00:15:00,90446.18562,90462.858809,0.05166040187229694,0.8613436442324366,-2.876989930781708,0.00018434374966396427,2,TAKE_PROFIT,0.8211474388190322,RANGING
506,511,SHORT,2026-01-11 02:25:00,2026-01-11 02:50:00,90616.57306,90686.1336,0.06725313610748582,-4.678164464330606,-9.555434707394827,-0.0007676359594171334,5,REGIME_EXIT,0.8200084244161671,RANGING
526,527,SHORT,2026-01-11 04:05:00,2026-01-11 04:10:00,90670.56226,90673.601094,0.07314129852979741,-0.22226426477589614,-5.527763300180402,-3.3515111456768484e-05,1,TAKE_PROFIT,0.8080543390351251,RANGING
613,615,LONG,2026-01-11 11:20:00,2026-01-11 11:30:00,90671.33064,90659.599453,0.08437509900893113,-0.9898200646170824,-7.10974613660846,-0.00012938143641648878,2,TAKE_PROFIT,0.8122046299986124,RANGING
741,742,SHORT,2026-01-11 22:00:00,2026-01-11 22:05:00,90692.95778000001,90633.593094,0.03172560511342231,1.8833805857187969,-0.4176972341241654,0.0006545677575542332,1,TAKE_PROFIT,0.8403244361459906,RANGING
838,839,LONG,2026-01-12 06:05:00,2026-01-12 06:10:00,92052.70686,92097.08189900001,0.025920402065879918,1.1502188525692556,-0.7590757734227984,0.000482061207254823,1,TAKE_PROFIT,0.8756547285025429,RANGING
910,916,SHORT,2026-01-12 12:05:00,2026-01-12 12:35:00,90649.06655999999,90676.53167999999,0.025289566927201624,-0.6945809904034589,-2.5288393313256,-0.0003029829323373617,6,TIME_EXIT,0.8428395619226852,RANGING
1055,1061,SHORT,2026-01-13 00:10:00,2026-01-13 00:40:00,91294.2375,91230.82751699998,0.025821341963342605,1.6373308549332464,-0.24788599334087325,0.0006945672009147298,6,TAKE_PROFIT,0.8272223823703986,RANGING
1089,1091,LONG,2026-01-13 03:00:00,2026-01-13 03:10:00,91111.7187,91174.16152,0.026435377804707953,1.6506995378912832,-0.2768189069404927,0.0006853434540687308,2,TAKE_PROFIT,0.8054617851065399,RANGING
1106,1112,SHORT,2026-01-13 04:25:00,2026-01-13 04:55:00,91414.71340000001,91497.59586,0.027776202112200825,-2.302159960516218,-4.334403668842276,-0.0009066643313459585,6,TIME_EXIT,0.8159102688688459,RANGING
1215,1216,SHORT,2026-01-13 13:30:00,2026-01-13 13:35:00,92081.87994,92375.9245245655,0.028783124876230488,-8.463521996728243,-10.5872308048478,-0.003193294758503004,1,STOP_LOSS,0.8480585858481747,RANGING
1313,1318,LONG,2026-01-13 21:40:00,2026-01-13 22:05:00,94183.73297999999,94265.628103,0.016388709661225045,1.3421553935174664,0.10677864766440681,0.0008695251335748165,5,TAKE_PROFIT,0.8542794329172205,RANGING
1397,1399,LONG,2026-01-14 04:40:00,2026-01-14 04:50:00,95328.46187999999,95204.35532,0.021449119927368067,-2.661976489212792,-4.296680987701631,-0.0013018835880957743,2,REGIME_EXIT,0.8107397706886951,RANGING
1507,1509,LONG,2026-01-14 13:50:00,2026-01-14 14:00:00,94955.28726,95012.498699,0.0247831710624202,1.417880879464369,-0.46532077484408063,0.0006025092509420109,2,TAKE_PROFIT,0.8847942330314864,RANGING
1607,1613,LONG,2026-01-14 22:10:00,2026-01-14 22:40:00,97344.9651,96962.70358,0.014848993227023188,-5.676198721431589,-6.830308023906784,-0.003926875104503993,6,TIME_EXIT,0.9888494158406873,RANGING
1700,1706,SHORT,2026-01-15 05:55:00,2026-01-15 06:25:00,96361.82378,96470.69028,0.018575533727899815,-2.022253342588204,-3.4550400900911025,-0.0011297679488563657,6,TIME_EXIT,0.8006252911857624,RANGING
1713,1717,LONG,2026-01-15 07:00:00,2026-01-15 07:20:00,96214.43904,96315.253096,0.01974378672989561,1.9904512210398098,0.46994514875755233,0.0010478058907363234,4,TAKE_PROFIT,0.8243034881952873,RANGING
1763,1767,LONG,2026-01-15 11:10:00,2026-01-15 11:30:00,96712.73868,96819.14229799999,0.025122531464047165,2.6731282410933708,0.7283239334269562,0.0011002027184036378,4,TAKE_PROFIT,0.813653976567998,RANGING
1768,1774,LONG,2026-01-15 11:35:00,2026-01-15 12:05:00,96700.8363,96585.77898,0.02522945375841982,-2.9028333345075255,-4.853439623438822,-0.0011898275589162885,6,TIME_EXIT,0.8521780279518416,RANGING
1777,1781,LONG,2026-01-15 12:20:00,2026-01-15 12:40:00,96589.71407999999,96661.238885,0.027496395959467648,1.9666743592039369,-0.1588075297041025,0.0007405012602146033,4,TAKE_PROFIT,0.8028303636247905,RANGING
1892,1898,SHORT,2026-01-15 21:55:00,2026-01-15 22:25:00,95484.49928,95684.53308,0.01863325144523683,-3.7272800929460317,-5.15212035234863,-0.002094934795787203,6,TIME_EXIT,0.8493872210608039,RANGING
1961,1967,LONG,2026-01-16 03:40:00,2026-01-16 04:10:00,95426.68152,95377.32072,0.029598970781148305,-1.461028876933955,-3.7200697118251216,-0.0005172641363374838,6,TIME_EXIT,0.8100588199329468,RANGING
2007,2012,LONG,2026-01-16 07:30:00,2026-01-16 07:55:00,95567.00958,95612.858603,0.03129613319277858,1.4348971305668465,-0.9583791168063618,0.0004797578495079085,5,TAKE_PROFIT,0.877038290185593,RANGING
2036,2042,LONG,2026-01-16 09:55:00,2026-01-16 10:25:00,95602.51667999999,95363.12355999999,0.03287210943576982,-7.869356838810158,-10.380334208586609,-0.0025040462146126152,6,TIME_EXIT,0.8323249313594323,RANGING
2060,2066,SHORT,2026-01-16 11:55:00,2026-01-16 12:25:00,95398.01658000001,95549.90616,0.032258419506252474,-4.899717790268115,-7.363589068505878,-0.0015921670643185208,6,TIME_EXIT,0.9069310591895853,RANGING
2130,2131,SHORT,2026-01-16 17:45:00,2026-01-16 17:50:00,94873.82144,94818.489906,0.014866589289114362,0.8225911907146254,-0.3054398829188908,0.0005832118192370896,1,TAKE_PROFIT,0.835620971239109,RANGING
2212,2213,LONG,2026-01-17 00:35:00,2026-01-17 00:40:00,95421.18042,95445.55207100001,0.0362720829745901,0.8840105473000626,-1.8852430359009156,0.0002554113341790136,1,TAKE_PROFIT,0.9384753069707792,RANGING
2217,2218,LONG,2026-01-17 01:00:00,2026-01-17 01:05:00,95435.88336,95442.542673,0.036882509149401645,0.24561217265109922,-2.570417945183104,6.977787353711013e-05,1,TAKE_PROFIT,0.8058874153001325,RANGING
2253,2256,SHORT,2026-01-17 04:00:00,2026-01-17 04:15:00,95305.03518,95290.95438,0.05127151676030546,0.7219439731990547,-3.186914216069964,0.00014774455487495095,3,TAKE_PROFIT,0.859177187911301,RANGING
2268,2269,LONG,2026-01-17 05:15:00,2026-01-17 05:20:00,95258.44787999999,95262.65365800001,0.048674589879890214,0.2047145192767286,-3.5047000730540994,4.415123376055731e-05,1,TAKE_PROFIT,0.8064934097932944,RANGING
2363,2364,LONG,2026-01-17 13:10:00,2026-01-17 13:15:00,95200.13622,95217.92260600001,0.0610098078638849,1.085143992453322,-3.5618036806619564,0.00018683151838043706,1,TAKE_PROFIT,0.9075317213744951,RANGING
2458,2463,SHORT,2026-01-17 21:05:00,2026-01-17 21:30:00,95303.53548,95300.53129500001,0.08042573023839884,0.2416137723960802,-5.890174730319084,3.152228282893457e-05,5,TAKE_PROFIT,0.8268075765452864,RANGING
2470,2471,LONG,2026-01-17 22:05:00,2026-01-17 22:10:00,95266.5495,95137.01313602578,0.07129288408322919,-9.235020981376596,-14.664788629394218,-0.0013597255768585763,1,STOP_LOSS,0.8238311906359204,RANGING
2495,2501,SHORT,2026-01-18 00:10:00,2026-01-18 00:40:00,95149.9662,95120.595315,0.04410182684401116,1.2953096845252163,-2.0612020584537056,0.0003086799309866348,6,TAKE_PROFIT,1.0,RANGING
2554,2558,LONG,2026-01-18 05:05:00,2026-01-18 05:25:00,95054.10702000001,95072.536689,0.059171009509521255,1.0905021196557432,-3.409492057511697,0.00019388608843710851,4,TAKE_PROFIT,0.8768425626717327,RANGING
2571,2577,SHORT,2026-01-18 06:30:00,2026-01-18 07:00:00,95144.06738000001,95171.23044,0.053101525935798276,-1.4423999350852026,-5.4848130243523645,-0.00028549399608389614,6,TIME_EXIT,0.806470926824238,RANGING
2579,2583,LONG,2026-01-18 07:10:00,2026-01-18 07:30:00,95112.31866,94986.4989,0.056326682893648,-7.087009723274812,-11.370064049338637,-0.0013228545131968555,4,REGIME_EXIT,0.8623097660639298,RANGING
2645,2647,SHORT,2026-01-18 12:40:00,2026-01-18 12:50:00,95107.87462,95109.238044,0.06528661543397114,-0.0890133383611578,-5.056465931743131,-1.4335553238289526e-05,2,TAKE_PROFIT,0.8342427187190975,RANGING
2741,2747,LONG,2026-01-18 20:40:00,2026-01-18 21:10:00,95296.95558,95289.03838000001,0.03809182386452226,-0.30158058789949765,-3.205487833087187,-8.307925423006127e-05,6,TIME_EXIT,0.8627464894285755,RANGING
2828,2833,SHORT,2026-01-19 03:55:00,2026-01-19 04:20:00,92647.46680000001,92572.735845,0.019114171412303253,1.4284202836752424,0.012288002724012426,0.0008066162797665003,5,TAKE_PROFIT,0.8531945854265242,RANGING
2843,2844,SHORT,2026-01-19 05:10:00,2026-01-19 05:15:00,92675.9611,92633.52800099998,0.024376498521164518,1.0343703750223232,-0.7725082197889881,0.0004578652165714225,1,TAKE_PROFIT,0.863687898428094,RANGING
2868,2874,SHORT,2026-01-19 07:15:00,2026-01-19 07:45:00,92561.68396,92683.13292,0.02902238484188002,-3.5247384557663484,-5.675237001948329,-0.0013120867599220893,6,TIME_EXIT,0.8563213623497219,RANGING
2998,3001,LONG,2026-01-19 18:05:00,2026-01-19 18:20:00,93126.02148,93002.29582,0.025932213585782973,-3.2084802411618725,-5.139167952596266,-0.001328583118162823,3,REGIME_EXIT,0.8510119165430527,RANGING
3018,3024,SHORT,2026-01-19 19:45:00,2026-01-19 20:15:00,93086.379,93186.53357999999,0.030406860923481695,-3.045386384909345,-5.310976203562115,-0.0010759316354972581,6,TIME_EXIT,0.8703657535562226,RANGING
3043,3044,LONG,2026-01-19 21:50:00,2026-01-19 21:55:00,93012.0987,92949.9063,0.0340882693378676,-2.1200312819683935,-4.655680447188346,-0.0006686484970153663,1,REGIME_EXIT,0.81390120209742,RANGING
3201,3202,SHORT,2026-01-20 11:00:00,2026-01-20 11:05:00,91199.35648,91368.27,0.02534087679068135,-4.280416698600337,-6.130986190039063,-0.001852134998749082,1,REGIME_EXIT,0.812502030666454,RANGING
3308,3309,SHORT,2026-01-20 19:55:00,2026-01-20 20:00:00,89732.05,89568.815181,0.012256651362535138,2.000712266709585,1.121660989299812,0.001819136183782771,1,TAKE_PROFIT,0.8696838345994936,RANGING
3313,3319,SHORT,2026-01-20 20:20:00,2026-01-20 20:50:00,89754.34554000001,89541.289677,0.011943125916124406,2.544552998977742,1.6880128599344855,0.0023737665482176044,6,TAKE_PROFIT,0.9851926588851357,RANGING
3469,3475,SHORT,2026-01-21 09:20:00,2026-01-21 09:50:00,89298.73668,89194.70537400001,0.020925107711372553,2.1768662834045456,0.6828684831031113,0.0011649807138121525,6,TAKE_PROFIT,0.9021016247037421,RANGING
3586,3589,SHORT,2026-01-21 19:05:00,2026-01-21 19:20:00,88300.13644,88594.7154,0.008552118624459417,-2.5192742101898764,-3.124404512986618,-0.003336109907374441,3,REGIME_EXIT,0.8313775245745176,RANGING
3626,3632,LONG,2026-01-21 22:25:00,2026-01-21 22:55:00,89943.08502,89710.5543,0.013869635238517615,-3.2251162681498062,-4.221808446806049,-0.0025853095871493513,6,TIME_EXIT,1.0,RANGING
3634,3635,LONG,2026-01-21 23:05:00,2026-01-21 23:10:00,89872.4709,90023.00679699998,0.014611487733192298,2.199553412420303,1.1481371861697096,0.001674994528274172,1,TAKE_PROFIT,0.8012349554811883,RANGING
3703,3709,SHORT,2026-01-22 04:50:00,2026-01-22 05:20:00,89977.70086,89996.59572,0.0234403150437758,-0.44290147110804545,-2.1303631557549023,-0.0002099949189566382,6,TIME_EXIT,0.8383144853424314,RANGING
3719,3720,LONG,2026-01-22 06:10:00,2026-01-22 06:15:00,89926.9818,89950.581285,0.026744106066298203,0.6311471299499819,-1.2931187204870125,0.00026242941248139193,1,TAKE_PROFIT,0.8294441555201779,RANGING
3757,3761,SHORT,2026-01-22 09:20:00,2026-01-22 09:40:00,89934.30954,90084.71334,0.027034627290965937,-4.066110676144984,-6.012809551682851,-0.0016723739890737149,4,REGIME_EXIT,0.8533141809693757,RANGING
3780,3786,LONG,2026-01-22 11:15:00,2026-01-22 11:45:00,89970.79056,89997.886822,0.03136327459843594,0.8498275056973655,-1.4079353134422319,0.0003011673214312411,6,TAKE_PROFIT,0.9347642436153882,RANGING
3789,3790,LONG,2026-01-22 12:00:00,2026-01-22 12:05:00,89927.68194,89967.70286,0.02772406912491622,1.1095427525230175,-0.8854300808564237,0.0004450344892322701,1,TAKE_PROFIT,0.862213502216438,RANGING
3926,3932,SHORT,2026-01-22 23:25:00,2026-01-22 23:55:00,89378.6207,89536.4037,0.0202227216163264,-3.1908016847887435,-4.638061177356522,-0.001765332679831742,6,TIME_EXIT,0.8588278499802693,RANGING
3968,3971,LONG,2026-01-23 02:55:00,2026-01-23 03:10:00,89672.931,89737.583893,0.02869717361160387,1.8553552949136167,-0.20407458253904864,0.0007209856115889182,3,TAKE_PROFIT,0.8275604575515869,RANGING
3980,3986,SHORT,2026-01-23 03:55:00,2026-01-23 04:25:00,89846.42712,89957.4879,0.03442001541152101,-3.8227137592155374,-6.298255169631623,-0.0012361179354596443,6,TIME_EXIT,0.8183541016469921,RANGING
4070,4072,SHORT,2026-01-23 11:25:00,2026-01-23 11:35:00,89162.164,89284.75338,0.025035464755906085,-3.0690821024381365,-4.856082706784966,-0.0013749035970009693,2,REGIME_EXIT,0.9094672292405088,RANGING
4098,4101,SHORT,2026-01-23 13:45:00,2026-01-23 14:00:00,89300.93624000001,89240.95962299999,0.030269278357185056,1.8154489148959458,-0.3462848228227322,0.0006716236080530266,3,TAKE_PROFIT,0.8080585157859481,RANGING
4163,4164,LONG,2026-01-23 19:10:00,2026-01-23 19:15:00,90428.082,89677.01457071028,0.010632883379053394,-7.986012385442987,-8.752026980566793,-0.008305687930987153,1,STOP_LOSS,0.9046438352714881,RANGING
4201,4207,SHORT,2026-01-23 22:20:00,2026-01-23 22:50:00,89598.77666,89561.30867999999,0.01692310172836834,0.634074437096738,-0.5787033028520513,0.00041817512913368623,6,TIME_EXIT,0.8148683124159585,RANGING
4219,4220,LONG,2026-01-23 23:50:00,2026-01-23 23:55:00,89496.09564,89542.842849,0.027402449379738035,1.2809880282663628,-0.6814541513123791,0.0005223379708991486,1,TAKE_PROFIT,0.8126658836423186,RANGING
4275,4279,LONG,2026-01-24 04:30:00,2026-01-24 04:50:00,89705.13743999999,89749.581493,0.04363290871149879,1.9392233073186165,-1.1928292403018887,0.000495446016452966,4,TAKE_PROFIT,0.8406144861282382,RANGING
4327,4330,SHORT,2026-01-24 08:50:00,2026-01-24 09:05:00,89605.77526,89608.033023,0.08240157548403014,-0.18604322826966838,-6.0930432886745205,-2.5196623693621425e-05,3,TAKE_PROFIT,0.8050831061941418,RANGING
4339,4342,LONG,2026-01-24 09:50:00,2026-01-24 10:05:00,89585.01342,89578.89063800001,0.08313730304647171,-0.5090315826207568,-6.467113097284329,-6.834605216037568e-05,3,TAKE_PROFIT,0.8242250438890681,RANGING
4352,4353,SHORT,2026-01-24 10:55:00,2026-01-24 11:00:00,89581.18018000001,89600.381493,0.09949751214826655,-1.910482873478497,-9.041730717200373,-0.00021434538997366443,1,TAKE_PROFIT,0.8380444674896155,RANGING
4358,4363,SHORT,2026-01-24 11:25:00,2026-01-24 11:50:00,89584.27956,89601.626742,0.11233988670962204,-1.9487804606109365,-10.00067022618199,-0.00019364091652240443,5,TAKE_PROFIT,0.864828174626277,RANGING
4547,4548,LONG,2026-01-25 03:10:00,2026-01-25 03:15:00,89110.8186,88953.04029067332,0.05540257369244143,-8.741324409540047,-12.687402835200455,-0.001770585343121033,1,STOP_LOSS,0.8107072833112542,RANGING
4611,4612,LONG,2026-01-25 08:30:00,2026-01-25 08:35:00,88667.73,88483.10972670467,0.046434627613219724,-8.572773640319237,-11.86314694995072,-0.0020821585631584827,1,STOP_LOSS,0.8092571644112122,RANGING
4652,4655,LONG,2026-01-25 11:55:00,2026-01-25 12:10:00,88528.7022,88550.86128499999,0.03574674164965127,0.7921150866873784,-1.7398918762451476,0.0002503039630009627,3,TAKE_PROFIT,0.8206608205111706,RANGING
4683,4686,LONG,2026-01-25 14:30:00,2026-01-25 14:45:00,88696.53576,88603.7757,0.026783858717705254,-2.4844723416858763,-4.383986938785787,-0.0010458137874854079,3,REGIME_EXIT,0.8290392236935908,RANGING
4790,4791,SHORT,2026-01-25 23:25:00,2026-01-25 23:30:00,86537.1891,86450.076558,0.010860248154481207,0.9460638234876946,0.19458997044327664,0.0010066486201595675,1,TAKE_PROFIT,0.8289287258104638,RANGING
4796,4800,SHORT,2026-01-25 23:55:00,2026-01-26 00:15:00,86581.48024,87008.69826,0.011058157669975244,-4.72424422461464,-5.492079250139499,-0.004934288704879738,4,REGIME_EXIT,0.8792238992402601,RANGING
4839,4845,LONG,2026-01-26 03:30:00,2026-01-26 04:00:00,87417.78006,87182.46002,0.016543100201849476,-3.8929230012233256,-5.048294707987492,-0.00269190134819818,6,TIME_EXIT,0.8448509451590882,RANGING
4887,4888,LONG,2026-01-26 07:30:00,2026-01-26 07:35:00,87772.75103999999,87834.689548,0.021026978225606573,1.3023796590426964,-0.17461787275665408,0.000705668983438605,1,TAKE_PROFIT,0.8515952471239499,RANGING
4889,4890,SHORT,2026-01-26 07:40:00,2026-01-26 07:45:00,87932.31001999999,87871.445775,0.01983523053516068,1.2072563309232973,-0.18758687913306882,0.0006921715690870208,1,TAKE_PROFIT,0.8024962330684123,RANGING
4927,4933,SHORT,2026-01-26 10:50:00,2026-01-26 11:20:00,87857.72494,87881.77283999999,0.024985159877970554,-0.6008406262292102,-2.3571924057922304,-0.00027371412151194817,6,TIME_EXIT,0.825655752545257,RANGING
4939,4941,LONG,2026-01-26 11:50:00,2026-01-26 12:00:00,87791.5548,87824.59656700002,0.031931873434043107,1.0550855218816846,-1.1880155654882358,0.0003763661217219608,2,TAKE_PROFIT,0.8222866809146655,RANGING
4943,4944,LONG,2026-01-26 12:10:00,2026-01-26 12:15:00,87779.0523,87827.83092,0.029869628717011685,1.4569992687281204,-0.6411256920450912,0.0005556977288076431,1,TAKE_PROFIT,0.8791976776876961,RANGING
5036,5042,LONG,2026-01-26 19:55:00,2026-01-26 20:25:00,87944.38536,87826.63116,0.013727601865705553,-1.6164827756146067,-2.5816485893413725,-0.0013389621124528803,6,TIME_EXIT,0.8977878234363461,RANGING
5169,5170,LONG,2026-01-27 07:00:00,2026-01-27 07:05:00,88312.95906,88381.37019,0.03458468174135404,2.3659771586166634,-0.07838969842864651,0.0007746442960146884,1,TAKE_PROFIT,0.8039315299971113,RANGING
5353,5354,LONG,2026-01-27 22:20:00,2026-01-27 22:25:00,89019.50034,89174.85146199999,0.01590580925163031,2.470985313558634,1.337255165766427,0.0017451358568251515,1,TAKE_PROFIT,0.8073881399377487,RANGING
5468,5469,LONG,2026-01-28 07:55:00,2026-01-28 08:00:00,89137.02384,89196.437144,0.02692289905278646,1.5995783859845547,-0.3209231211379511,0.0006665390142108375,1,TAKE_PROFIT,0.9569324454151028,RANGING
5472,5478,LONG,2026-01-28 08:15:00,2026-01-28 08:45:00,89131.02264,88999.59651999999,0.026413658412734693,-3.4714446401911774,-5.353477171127647,-0.001474527230892812,6,TIME_EXIT,0.8695868881745604,RANGING
5576,5582,SHORT,2026-01-28 16:55:00,2026-01-28 17:25:00,89666.26316,89572.71096,0.011978141703537079,1.120581508277708,0.26180157595531783,0.0010433377805995048,6,TIME_EXIT,0.8865001562602219,RANGING
5622,5623,LONG,2026-01-28 20:45:00,2026-01-28 20:50:00,89220.64056,89096.37716,0.00976891093816163,-1.2139180874731166,-1.9107033134192244,-0.001392765163083875,1,REGIME_EXIT,0.8075165356348005,RANGING
5723,5724,SHORT,2026-01-29 05:10:00,2026-01-29 05:15:00,88232.64994,88267.24992,0.02078602717094392,-0.7191961243940965,-2.186688810057633,-0.0003921448582075653,1,REGIME_EXIT,0.8200763639271086,RANGING
5742,5748,SHORT,2026-01-29 06:45:00,2026-01-29 07:15:00,88275.8413,88249.65140099998,0.029784564114260486,0.7800547259120745,-1.3230392161496678,0.0002966825194111072,6,TAKE_PROFIT,0.8128173089228478,RANGING
5758,5759,LONG,2026-01-29 08:05:00,2026-01-29 08:10:00,88239.34434,87948.15351360296,0.028197766749663403,-8.210931002385461,-10.198168589858549,-0.003300011220335411,1,STOP_LOSS,0.9407948873699623,RANGING
5905,5908,SHORT,2026-01-29 20:20:00,2026-01-29 20:35:00,84131.57032,83857.133073,0.009992919952499969,2.742429441255406,2.0709503748832025,0.0032620007680369467,3,TAKE_PROFIT,0.8442187387701625,RANGING
5912,5918,SHORT,2026-01-29 20:55:00,2026-01-29 21:25:00,84167.86306,84346.3659,0.011084851538500706,-1.9786774806007565,-2.725859564659363,-0.002120795675574575,6,TIME_EXIT,0.8343583160375059,RANGING
5958,5961,LONG,2026-01-30 00:45:00,2026-01-30 01:00:00,84376.07183999999,84024.50665380667,0.02302704933014374,-8.095508885234628,-9.64661625651528,-0.004166645572929469,3,STOP_LOSS,0.8096350533745678,RANGING
6061,6067,LONG,2026-01-30 09:20:00,2026-01-30 09:50:00,82528.20233999999,82306.73536,0.015129187594446264,-3.3506154863952196,-4.348142964228085,-0.0026835308866608094,6,TIME_EXIT,0.8138014900694708,RANGING
6119,6123,SHORT,2026-01-30 14:10:00,2026-01-30 14:30:00,82839.72874,82751.466984,0.01406368103872165,1.2412851843015775,0.30975648050843174,0.0010654520161096214,4,TAKE_PROFIT,0.9040849099589818,RANGING
6197,6203,LONG,2026-01-30 20:40:00,2026-01-30 21:10:00,83748.04626,84005.59552,0.0069589767649498166,1.7922793161700177,1.3253218380169236,0.003075286785800653,6,TIME_EXIT,0.9558473713124248,RANGING
6261,6267,LONG,2026-01-31 02:00:00,2026-01-31 02:30:00,83982.7932,83877.52114000001,0.02333293906843793,-2.4563065615886717,-4.022976356190295,-0.0012534955791395185,6,TIME_EXIT,0.8064600758307409,RANGING
6289,6290,LONG,2026-01-31 04:20:00,2026-01-31 04:25:00,84016.8,84059.144808,0.034799680601863676,1.473585793547046,-0.866009884922901,0.0005040040563315238,1,TAKE_PROFIT,0.854019660161797,RANGING
6489,6491,SHORT,2026-01-31 21:00:00,2026-01-31 21:10:00,77941.00868000001,77599.111719,0.006375372000046761,2.1797203120606095,1.7830698606703348,0.0043866119619228455,2,TAKE_PROFIT,0.8959816512092031,RANGING
6496,6501,SHORT,2026-01-31 21:35:00,2026-01-31 22:00:00,77919.31302,78441.88523999999,0.0067793576751566465,-3.5427039904805615,-3.96671538628881,-0.006706581459026155,5,REGIME_EXIT,0.8678151802866426,RANGING
6539,6545,LONG,2026-02-01 01:10:00,2026-02-01 01:40:00,78621.12108,78295.23782,0.010251431604573287,-3.340769950965398,-3.984216879326208,-0.004144983631922568,6,TIME_EXIT,0.8915596559051517,RANGING
6561,6565,SHORT,2026-02-01 03:00:00,2026-02-01 03:20:00,78840.62872,78646.52616,0.012762294667304474,2.4771940663981384,1.6732350756405472,0.0024619610872123874,4,TAKE_PROFIT,0.8132030956685895,RANGING
6582,6585,SHORT,2026-02-01 04:45:00,2026-02-01 05:00:00,78952.2064,78843.100467,0.018007103882779176,1.964681869758525,0.8281072765708901,0.0013819237989022041,3,TAKE_PROFIT,0.8174664252641288,RANGING
6587,6588,LONG,2026-02-01 05:10:00,2026-02-01 05:15:00,78735.74399999999,78842.89826600002,0.018690124480663865,2.0027265701746693,0.824660794396453,0.0013609354602660115,1,TAKE_PROFIT,0.8093293305257415,RANGING
6598,6602,LONG,2026-02-01 06:05:00,2026-02-01 06:25:00,78598.2165,78769.25799700001,0.0190964161461851,3.266279604978717,2.0642176926311637,0.0021761498494054623,4,TAKE_PROFIT,0.8127480595599025,RANGING
6636,6637,SHORT,2026-02-01 09:15:00,2026-02-01 09:20:00,78704.85588,78721.2411,0.01589433468967197,-0.260432170643851,-1.261305400359402,-0.00020818562993087434,1,REGIME_EXIT,0.8081627079465759,RANGING
6649,6651,SHORT,2026-02-01 10:20:00,2026-02-01 10:30:00,78953.10622,78801.68718600001,0.015509371407660982,2.3484140364951123,1.3697429635861194,0.0019178350447424787,2,TAKE_PROFIT,0.8195020830820369,RANGING
6733,6734,SHORT,2026-02-01 17:20:00,2026-02-01 17:25:00,77663.86412,77438.574618,0.008658150398745436,1.9505903915744573,1.4134302948521356,0.002900827876036406,1,TAKE_PROFIT,0.8465406052844415,RANGING
6740,6742,SHORT,2026-02-01 17:55:00,2026-02-01 18:05:00,77642.16846,78141.32514,0.009170027698954687,-4.577280581718261,-5.148696162259033,-0.006428937907075039,2,REGIME_EXIT,0.8207393887983757,RANGING
6796,6797,SHORT,2026-02-01 22:35:00,2026-02-01 22:40:00,77339.72896,77429.08272,0.007010905618684413,-0.6264507780346676,-1.0604785905964365,-0.0011553410026330238,1,REGIME_EXIT,0.9027652084913105,RANGING
6839,6845,LONG,2026-02-02 02:10:00,2026-02-02 02:40:00,77231.9433,76927.61140000001,0.007160534203570748,-2.1791789791876015,-2.620724884882236,-0.003940492586310335,6,TIME_EXIT,0.800928277663274,RANGING
6846,6847,LONG,2026-02-02 02:45:00,2026-02-02 02:50:00,76958.48862,76638.6692,0.007872705616355934,-2.517844144053696,-3.001534226864025,-0.004155739356826259,1,REGIME_EXIT,0.8020695764896915,RANGING
7073,7077,SHORT,2026-02-02 21:40:00,2026-02-02 22:00:00,78446.70752,78615.72,0.012936269548970985,-2.186390998420131,-2.999111757785906,-0.0021544878726352554,4,REGIME_EXIT,0.8153968656083217,RANGING
7104,7105,LONG,2026-02-03 00:15:00,2026-02-03 00:20:00,78548.00646,78681.715509,0.016472354974984834,2.202502918495597,1.166525401338981,0.0017022589754469156,1,TAKE_PROFIT,0.8588257910375569,RANGING
7127,7133,LONG,2026-02-03 02:10:00,2026-02-03 02:40:00,78719.34072000001,78341.12864000001,0.01650294188624216,-6.241611976914729,-7.278395896304328,-0.00480456361220396,6,TIME_EXIT,0.935901793152653,RANGING
7183,7186,SHORT,2026-02-03 06:50:00,2026-02-03 07:05:00,78512.19442,78771.15108,0.014086114548651002,-3.647693175896017,-4.533897664419238,-0.003298298588047492,3,REGIME_EXIT,0.8065029947568453,RANGING
7204,7207,SHORT,2026-02-03 08:35:00,2026-02-03 08:50:00,78832.2304,78722.526357,0.014548591888944334,1.596039350174276,0.6791594076864809,0.0013916140954449664,3,TAKE_PROFIT,0.8225209500694777,RANGING
7251,7257,SHORT,2026-02-03 12:30:00,2026-02-03 13:00:00,78264.44398000001,78230.643,0.01632493399305732,0.5517987674008878,-0.4701100186736179,0.0004318816857454729,6,TIME_EXIT,1.0,RANGING
7259,7261,SHORT,2026-02-03 13:10:00,2026-02-03 13:20:00,78313.53416,78212.21431499999,0.016727127649981095,1.6947899807913898,0.6474995106913264,0.0012937718376111332,2,TAKE_PROFIT,0.8348474336356375,RANGING
7367,7373,LONG,2026-02-03 22:10:00,2026-02-03 22:40:00,75822.56147999999,75757.24552,0.007678036849383161,-0.50149834773278,-0.9670324852401351,-0.0008614317259279255,6,TIME_EXIT,1.0,RANGING
7394,7400,SHORT,2026-02-04 00:25:00,2026-02-04 00:55:00,75857.3255,75886.1742,0.010924467526914425,-0.31515668634356214,-0.9782434603007617,-0.00038030209752105916,6,TIME_EXIT,0.8332844253656013,RANGING
7407,7413,SHORT,2026-02-04 01:30:00,2026-02-04 02:00:00,76408.01534,76368.57066,0.011536960700014566,0.45507172298465653,-0.24995926444110178,0.0005162374631048821,6,TIME_EXIT,0.8166304956819228,RANGING
7428,7434,SHORT,2026-02-04 03:15:00,2026-02-04 03:45:00,76586.27968,76681.03314,0.011267162719241252,-1.0676026520310342,-1.7583577532645505,-0.0012372119444357455,6,TIME_EXIT,0.8185755592729503,RANGING
7450,7456,LONG,2026-02-04 05:05:00,2026-02-04 05:35:00,76456.48823999999,76294.63802,0.016897878972625183,-2.7349254292526415,-3.767393447042109,-0.002116893199331084,6,TIME_EXIT,0.8123462983060169,RANGING
7520,7521,SHORT,2026-02-04 10:55:00,2026-02-04 11:00:00,76254.34608,76155.493053,0.01908247946105805,1.8863608573910056,0.7230178074235518,0.0012963592513965815,1,TAKE_PROFIT,0.9547745699621216,RANGING
7757,7758,SHORT,2026-02-05 06:40:00,2026-02-05 06:45:00,70898.3175,70651.817538,0.008020100317487957,1.9769544234969827,1.5228559103134918,0.0034768097564515784,1,TAKE_PROFIT,0.8758675549844344,RANGING
7761,7765,SHORT,2026-02-05 07:00:00,2026-02-05 07:20:00,70897.3177,71350.46724,0.008759411151473565,-3.9693231339611033,-4.467725867431443,-0.0063916316540703,4,REGIME_EXIT,0.8525771707777037,RANGING
7806,7807,LONG,2026-02-05 10:45:00,2026-02-05 10:50:00,71341.66548,70686.63431324263,0.011960391457455198,-7.834429171251755,-8.51391479667735,-0.00918160744286243,1,STOP_LOSS,0.9205319053056642,RANGING
7844,7850,SHORT,2026-02-05 13:55:00,2026-02-05 14:25:00,69614.37434000001,70108.91897999999,0.008445201139791773,-4.176528957405728,-4.648525483806338,-0.0071040592505306165,6,TIME_EXIT,0.8445156522980356,RANGING
7947,7953,SHORT,2026-02-05 22:30:00,2026-02-05 23:00:00,64066.48414000001,64721.441699999996,0.003510794886699122,-2.2994216526528914,-2.4802808492559545,-0.010223091976902542,6,TIME_EXIT,0.8116940586241038,RANGING
8004,8010,LONG,2026-02-06 03:15:00,2026-02-06 03:45:00,64407.678960000005,64159.465540000005,0.004958126712124084,-1.2306735880096746,-1.4856544653884614,-0.0038537861324602534,6,TIME_EXIT,0.862199517238186,RANGING
8023,8029,SHORT,2026-02-06 04:50:00,2026-02-06 05:20:00,64878.62168,65432.18382,0.006874467340108581,-3.805444852150626,-4.163771802739823,-0.008532273430997491,6,TIME_EXIT,0.802679236762015,RANGING
8059,8065,LONG,2026-02-06 07:50:00,2026-02-06 08:20:00,64718.04102,64833.0308,0.0070138060360715885,0.8065160130505687,0.4430575772463048,0.0017767809128287414,6,TIME_EXIT,0.8168351074833929,RANGING
8099,8100,LONG,2026-02-06 11:10:00,2026-02-06 11:15:00,65773.05197999999,65879.491466,0.010062257228575115,1.0710214874094959,0.5411327846295707,0.001618284126945838,1,TAKE_PROFIT,0.8497985252295122,RANGING
8114,8115,SHORT,2026-02-06 12:25:00,2026-02-06 12:30:00,66430.41126,66158.51405700001,0.010617236896303804,2.8867970156932556,2.3237058037264866,0.00409296281391087,1,TAKE_PROFIT,0.805080094659189,RANGING
8212,8213,SHORT,2026-02-06 20:35:00,2026-02-06 20:40:00,70705.15614,70335.519291,0.007782214868206129,2.8765933821246814,2.437549845580296,0.0052278627073264845,1,TAKE_PROFIT,0.8186717914231655,RANGING
8218,8222,LONG,2026-02-06 21:05:00,2026-02-06 21:25:00,70104.11802000001,70396.132957,0.007504776979073857,2.191506976743193,1.7697377571086774,0.004165446271168783,4,TAKE_PROFIT,0.8970727411860602,RANGING
8274,8280,SHORT,2026-02-07 01:45:00,2026-02-07 02:15:00,70230.4511,70363.16982000001,0.010337345310871533,-1.3719592378569174,-1.9533051610392422,-0.0018897603236383653,6,TIME_EXIT,0.8452710438486057,RANGING
8359,8365,SHORT,2026-02-07 08:50:00,2026-02-07 09:20:00,68514.69432,68688.2349,0.007164483317057176,-1.2433285902424318,-1.6365238292216584,-0.0025328957783781994,6,TIME_EXIT,0.8638434280088716,RANGING
8366,8367,SHORT,2026-02-07 09:25:00,2026-02-07 09:30:00,68660.7651,68393.080881,0.008690983562291654,2.3264391472139008,1.8499860581860115,0.0038986489388828914,1,TAKE_PROFIT,0.8406152956002856,RANGING
8428,8433,LONG,2026-02-07 14:35:00,2026-02-07 15:00:00,68895.2763,68997.007838,0.01049261164711699,1.067429520498001,0.4886894458604234,0.0014766112201513484,5,TAKE_PROFIT,0.8227805235687778,RANGING
8455,8461,LONG,2026-02-07 16:50:00,2026-02-07 17:20:00,69063.60996,68889.61932,0.008314971499202737,-1.446727212728074,-1.905558080602546,-0.0025192809947347794,6,TIME_EXIT,0.9013331332906733,RANGING
8495,8497,LONG,2026-02-07 20:10:00,2026-02-07 20:20:00,69275.55234,69388.81946,0.014677926923894804,1.6625265102400832,0.8484043037488116,0.0016350229795945366,2,TAKE_PROFIT,0.9176605662951316,RANGING
8525,8530,LONG,2026-02-07 22:40:00,2026-02-07 23:05:00,69417.8808,68986.10840894908,0.018312861441328713,-7.9069879715067515,-8.920817202431007,-0.006219901646016873,5,STOP_LOSS,0.8526949162992181,RANGING
8556,8557,SHORT,2026-02-08 01:15:00,2026-02-08 01:20:00,69330.33116,69177.77778899999,0.015013085253165765,2.290296764481071,1.4585231453186274,0.002200384282716822,1,TAKE_PROFIT,0.8075046704733019,RANGING
8581,8582,LONG,2026-02-08 03:20:00,2026-02-08 03:25:00,69194.73617999999,69300.567114,0.01656879161833356,1.7534906922198168,0.8356107640613403,0.0015294650986847993,1,TAKE_PROFIT,0.8512261598812758,RANGING
8590,8593,LONG,2026-02-08 04:05:00,2026-02-08 04:20:00,69149.02704,69230.321166,0.01910656160639275,1.5532512266567287,0.4956698100365635,0.0011756365849221269,3,TAKE_PROFIT,0.8141524370119175,RANGING
8718,8721,LONG,2026-02-08 14:45:00,2026-02-08 15:00:00,71114.11997999999,71252.11672600001,0.01371773983586804,1.8930034598246228,1.1118262612068168,0.0019404971338860533,3,TAKE_PROFIT,0.8437642441177016,RANGING
8761,8763,SHORT,2026-02-08 18:20:00,2026-02-08 18:30:00,70888.11954,71220.84132,0.01329198620111161,-4.422533308569387,-5.1780974472915595,-0.00469361836876294,2,REGIME_EXIT,0.8472558238645758,RANGING
8782,8788,LONG,2026-02-08 20:05:00,2026-02-08 20:35:00,71035.60428,71060.48505999999,0.013908007853423799,0.3460420836392017,-0.44446732695341035,0.00035025787775268334,6,TIME_EXIT,0.9408485253128376,RANGING
8847,8848,SHORT,2026-02-09 01:30:00,2026-02-09 01:35:00,70666.8638,70498.94697,0.008884961942745915,1.4919346440965526,0.990233501573224,0.0023761749279724216,1,TAKE_PROFIT,0.8460026131112246,RANGING
8890,8896,LONG,2026-02-09 05:05:00,2026-02-09 05:35:00,70850.46726,71042.713615,0.014323564689980127,2.7536531022553223,1.940686640123277,0.0027134098395499512,6,TAKE_PROFIT,0.9033877830051653,RANGING
8922,8928,LONG,2026-02-09 07:45:00,2026-02-09 08:15:00,70414.28004,70316.9338,0.014624304468242793,-1.42362105259862,-2.2468595003512375,-0.001382478666893985,6,TIME_EXIT,0.8049793463268368,RANGING
8977,8983,SHORT,2026-02-09 12:20:00,2026-02-09 12:50:00,69079.08142,69014.00004,0.012157310605404844,0.7912145512884223,0.11967835778174507,0.000942128625079845,6,TIME_EXIT,0.8641146577858279,RANGING
9082,9087,LONG,2026-02-09 21:05:00,2026-02-09 21:30:00,70580.81334,69904.24258869381,0.01153919663825378,-7.807082939013093,-8.455516813052004,-0.009585760198696216,5,STOP_LOSS,0.838212664017109,RANGING
9125,9131,LONG,2026-02-10 00:40:00,2026-02-10 01:10:00,69969.09102,70069.18336,0.016064919684977575,1.6079754031812807,0.7080939508862596,0.001430522228327618,6,TIME_EXIT,0.8057673132089068,RANGING
9151,9155,LONG,2026-02-10 02:50:00,2026-02-10 03:10:00,70114.02,69795.0382,0.016345547346937002,-5.213932114711331,-6.128688168740717,-0.004549472416501131,4,REGIME_EXIT,0.8163336103334542,RANGING
9176,9180,SHORT,2026-02-10 04:55:00,2026-02-10 05:15:00,69810.83504,69616.24046399999,0.01618299681812958,3.149123404233561,2.2465842365366235,0.002787455212196208,4,TAKE_PROFIT,0.8804726726763885,RANGING
9218,9220,SHORT,2026-02-10 08:25:00,2026-02-10 08:35:00,69038.88946,68938.344912,0.014793385987961302,1.4873943075491811,0.6709341133026221,0.0014563465430344033,2,TAKE_PROFIT,0.8291602316972,RANGING
9244,9250,LONG,2026-02-10 10:35:00,2026-02-10 11:05:00,69033.804,68820.43316,0.01805090864593272,-3.8515375405459857,-4.8468952371179475,-0.0030908167830357896,6,TIME_EXIT,0.8028288442208252,RANGING
9278,9281,SHORT,2026-02-10 13:25:00,2026-02-10 13:40:00,68710.15522,68997.7968,0.015630172754197747,-4.495887586690327,-5.356847218570077,-0.004186303743296883,3,REGIME_EXIT,0.9126121387167825,RANGING
9379,9381,LONG,2026-02-10 21:50:00,2026-02-10 22:00:00,68549.40714,68710.185214,0.01391014794398176,2.23644679548847,1.4727263009385632,0.0023454334721180153,2,TAKE_PROFIT,0.8106465167174208,RANGING
9402,9408,SHORT,2026-02-10 23:45:00,2026-02-11 00:15:00,68736.05004,68996.99664,0.018547225546333857,-4.839835445748882,-5.861661798531959,-0.0037963572222747943,6,TIME_EXIT,0.9169092067311226,RANGING
9432,9433,LONG,2026-02-11 02:15:00,2026-02-11 02:20:00,68918.88102,69031.24099,0.019001810765144258,2.1350428875173804,1.0865220421323478,0.00163032202985708,1,TAKE_PROFIT,0.8544673167673018,RANGING
9651,9654,LONG,2026-02-11 20:30:00,2026-02-11 20:45:00,67191.33558,67464.879325,0.010820362575319912,2.959842501110882,2.3770308737939634,0.0040711163521122955,3,TAKE_PROFIT,1.0,RANGING
9700,9706,SHORT,2026-02-12 00:35:00,2026-02-12 01:05:00,67410.91511999999,67510.29936,0.014457692035732142,-1.4368667351254936,-2.2171264823410155,-0.001474304863286567,6,TIME_EXIT,0.8185546540459013,RANGING
9721,9723,LONG,2026-02-12 02:20:00,2026-02-12 02:30:00,67463.28996,67595.803135,0.014474488283365557,1.9180603989290703,1.136095894702848,0.0019642263974758586,2,TAKE_PROFIT,0.8138732528866118,RANGING
9770,9776,SHORT,2026-02-12 06:25:00,2026-02-12 06:55:00,67156.46601999999,67109.51922,0.016621973710807883,0.7803484754063995,-0.11235779535960033,0.000699065969105779,6,TIME_EXIT,0.8250708388439998,RANGING
9797,9800,LONG,2026-02-12 08:40:00,2026-02-12 08:55:00,66971.29157999999,67073.827551,0.018693722675361877,1.9167790061230374,0.9144580929147339,0.0015310436543921407,3,TAKE_PROFIT,0.8143379586509388,RANGING
9842,9848,LONG,2026-02-12 12:25:00,2026-02-12 12:55:00,67842.06569999999,67818.83352,0.01659060404593703,-0.3854358995038011,-1.2857144048937161,-0.0003424450561798237,6,TIME_EXIT,0.8584506111344907,RANGING
9927,9930,SHORT,2026-02-12 19:30:00,2026-02-12 19:45:00,65729.3515,66032.90393999999,0.009203688464594,-2.793802090427224,-3.27888159061203,-0.00461821747929439,3,REGIME_EXIT,0.859091572928325,RANGING
9972,9973,SHORT,2026-02-12 23:15:00,2026-02-12 23:20:00,66273.04274,66417.2808,0.013993884843004357,-2.018450801618196,-2.761192044578096,-0.002176421272309139,1,REGIME_EXIT,0.8203100958775607,RANGING
9985,9991,LONG,2026-02-13 00:20:00,2026-02-13 00:50:00,66158.22899999999,65974.8024,0.015543628448563945,-2.8511149179832285,-3.6726456163288415,-0.002772543986931567,6,TIME_EXIT,0.935349503073049,RANGING
10000,10005,SHORT,2026-02-13 01:35:00,2026-02-13 02:00:00,66320.13332,66471.99174,0.015360235651000557,-2.3325811167886794,-3.148468450196174,-0.0022897785694620818,5,REGIME_EXIT,0.8106530358817897,RANGING
10030,10032,LONG,2026-02-13 04:05:00,2026-02-13 04:15:00,66460.48943999999,66546.01813399998,0.018855906752144616,1.6127210786965838,0.6095377569990796,0.0012869103842096724,2,TAKE_PROFIT,0.9105727818503898,RANGING
10035,10041,LONG,2026-02-13 04:30:00,2026-02-13 05:00:00,66431.98374,66365.7242,0.018776071842103517,-1.2440938832647148,-2.241461605163963,-0.0009974042060722469,6,TIME_EXIT,0.943528646017808,RANGING
10046,10048,LONG,2026-02-13 05:25:00,2026-02-13 05:35:00,66280.55346,66389.079528,0.020197057042950047,2.1919071860432067,1.1200927279128532,0.0016373741970260019,2,TAKE_PROFIT,0.8165616802316229,RANGING
10056,10062,LONG,2026-02-13 06:15:00,2026-02-13 06:45:00,66216.04056000001,66032.99076,0.02109537754587751,-3.861504640697537,-4.9774419390063285,-0.0027644328844178166,6,TIME_EXIT,0.8196248756367244,RANGING
10086,10087,SHORT,2026-02-13 08:45:00,2026-02-13 08:50:00,66464.7044,66670.03134,0.017840569835872667,-3.6631496122560194,-4.613229432475989,-0.0030892628178152103,1,REGIME_EXIT,0.8185397796578002,RANGING
10210,10211,LONG,2026-02-13 19:05:00,2026-02-13 19:10:00,68962.58976,69053.241589,0.012254260475214204,1.1108711251205143,0.4343583462989623,0.0013145073193375808,1,TAKE_PROFIT,0.8678994530027532,RANGING
10214,10215,SHORT,2026-02-13 19:25:00,2026-02-13 19:30:00,69170.76308,69096.381513,0.013959039054667489,1.0382951987004223,0.2662646101600048,0.0010753324625604808,1,TAKE_PROFIT,0.8049416771235927,RANGING
10221,10227,LONG,2026-02-13 20:00:00,2026-02-13 20:30:00,68918.08086,68754.2464,0.015090784237954102,-2.472390486601695,-3.3034238410887617,-0.0023772347975389956,6,TIME_EXIT,0.8701165421113108,RANGING
10264,10265,SHORT,2026-02-13 23:35:00,2026-02-13 23:40:00,68936.21,68879.26309800001,0.02233730038560289,1.2720400560034018,0.040669807853801476,0.0008260811263049715,1,TAKE_PROFIT,0.8008574143739824,RANGING
10445,10451,SHORT,2026-02-14 14:40:00,2026-02-14 15:10:00,69617.37374000001,69594.4161,0.014487927786934765,0.33260863047855826,-0.47414751283818535,0.000329768831638891,6,TIME_EXIT,0.9411345856227215,RANGING
10501,10502,SHORT,2026-02-14 19:20:00,2026-02-14 19:25:00,69763.04460000001,69753.482907,0.02304934907310785,0.22039079968713532,-1.0659152579035436,0.0001370595715085887,1,TAKE_PROFIT,0.8108620989149217,RANGING
10553,10559,LONG,2026-02-14 23:40:00,2026-02-15 00:10:00,69822.86177999999,69634.5703,0.022207643093951554,-4.181509985471591,-5.420318336844243,-0.002696702415224112,6,TIME_EXIT,0.8223460582974355,RANGING
10863,10869,LONG,2026-02-16 01:30:00,2026-02-16 02:00:00,68704.43814,68662.46476,0.01819105195714482,-0.7635399363969072,-1.7630793235352942,-0.000610926763049369,6,TIME_EXIT,0.8926524679849646,RANGING
10953,10959,SHORT,2026-02-16 09:00:00,2026-02-16 09:30:00,68710.7551,68951.98763999999,0.02923913641505526,-7.053431144810194,-8.663487030508401,-0.003510841056089591,6,TIME_EXIT,0.817936228175162,RANGING
10973,10979,LONG,2026-02-16 10:40:00,2026-02-16 11:10:00,68775.45233999999,68451.11360342462,0.024429346324753517,-7.923383322332795,-9.264325444088215,-0.0047159084461119135,6,STOP_LOSS,0.8852177897869042,RANGING
11055,11061,SHORT,2026-02-16 17:30:00,2026-02-16 18:00:00,67878.9215,67993.596,0.013557188456446136,-1.5546638076488444,-2.2914835379685545,-0.0016893977904467482,6,TIME_EXIT,0.8830721036309845,RANGING
11238,11244,LONG,2026-02-17 08:45:00,2026-02-17 09:15:00,68204.93826,67989.09946,0.02470659735149496,-5.332642324429794,-6.678598825078737,-0.003164562647607882,6,TIME_EXIT,0.804028248221904,RANGING
11374,11380,LONG,2026-02-17 20:05:00,2026-02-17 20:35:00,67734.44417999999,67678.16166,0.012597098284246652,-0.7089964361249945,-1.3913187980019672,-0.0008309290890529219,6,TIME_EXIT,0.8667967992783443,RANGING
11452,11453,SHORT,2026-02-18 02:35:00,2026-02-18 02:40:00,67291.93892,67348.16694,0.020140862641345295,-1.1324808274147156,-2.2171879786716957,-0.0008355832942611697,1,REGIME_EXIT,0.880426294627513,RANGING
11475,11481,SHORT,2026-02-18 04:30:00,2026-02-18 05:00:00,67628.07168000001,67749.5472,0.024509854808856462,-2.97734735803016,-4.3045816712771625,-0.0017962292430100037,6,TIME_EXIT,0.8042094245646102,RANGING
11498,11502,SHORT,2026-02-18 06:25:00,2026-02-18 06:45:00,67821.433,67898.67702,0.025607383153896306,-1.9780172164871852,-3.3681919600756256,-0.0011389322900328318,4,REGIME_EXIT,0.8028624674021709,RANGING
11669,11671,SHORT,2026-02-18 20:40:00,2026-02-18 20:50:00,66449.90736,66261.41963399999,0.013296977673632509,2.5063170843758504,1.800453263544906,0.0028365385820457623,2,TAKE_PROFIT,0.8964107713764786,RANGING
11708,11714,SHORT,2026-02-18 23:55:00,2026-02-19 00:25:00,66412.51484,66364.695285,0.02519778887280866,1.2049470508818918,-0.13332979225822905,0.0007200383107794557,6,TAKE_PROFIT,0.8132256989902453,RANGING
11766,11772,LONG,2026-02-19 04:45:00,2026-02-19 05:15:00,66794.95632,66833.83056,0.02779705796076425,1.0805895024607892,-0.40520535119120016,0.000581993643558455,6,TIME_EXIT,0.8699195097712566,RANGING
11807,11811,LONG,2026-02-19 08:10:00,2026-02-19 08:30:00,67089.81528,66788.77210146458,0.02630923676149467,-7.9202162595211645,-9.329113640606526,-0.004487166603142506,4,STOP_LOSS,0.833684849098282,RANGING
12027,12028,LONG,2026-02-20 02:30:00,2026-02-20 02:35:00,67176.73266,67217.70377,0.02696893973968085,1.1049473966577974,-0.34484278631381815,0.0006099003088966041,1,TAKE_PROFIT,0.8342531309865517,RANGING
12062,12063,SHORT,2026-02-20 05:25:00,2026-02-20 05:30:00,67305.13628,67553.00772669984,0.032275503082299754,-8.000175641974636,-9.741221418999222,-0.003682801349196456,1,STOP_LOSS,0.8229748282717317,RANGING
12102,12103,LONG,2026-02-20 08:45:00,2026-02-20 08:50:00,67767.05069999999,67816.099067,0.02791726214691076,1.3692961194171753,-0.1447480144825053,0.0007237789824607247,1,TAKE_PROFIT,0.8616489728987099,RANGING
12127,12128,LONG,2026-02-20 10:50:00,2026-02-20 10:55:00,68025.30234,67896.11806,0.02373893593938244,-3.066697347295275,-4.357349303961463,-0.0018990621953331448,1,REGIME_EXIT,1.0,RANGING
12235,12237,LONG,2026-02-20 19:50:00,2026-02-20 20:00:00,67569.21114,67676.377017,0.01253729243296128,1.3435699387838436,0.6653245431869819,0.0015860163999541809,2,TAKE_PROFIT,0.8279148788801471,RANGING
12243,12245,LONG,2026-02-20 20:30:00,2026-02-20 20:40:00,67565.11032,67674.76733900001,0.014833153038969834,1.626559344624307,0.824145823709305,0.0016229829046478447,2,TAKE_PROFIT,0.8954289806133822,RANGING
12264,12265,LONG,2026-02-20 22:15:00,2026-02-20 22:20:00,67639.82526,67692.37381700001,0.02404408096162803,1.2634817589251208,-0.03809358160389942,0.0007768878289975708,1,TAKE_PROFIT,0.9198102659314423,RANGING
12291,12297,LONG,2026-02-21 00:30:00,2026-02-21 01:00:00,67908.0789,67837.32982,0.026408601558926482,-1.8683842643804596,-3.3023228293165015,-0.0010418359810204282,6,TIME_EXIT,0.8622547451863289,RANGING
12361,12363,SHORT,2026-02-21 06:20:00,2026-02-21 06:30:00,67863.92450000001,67819.066101,0.041250255625742596,1.8504204257117327,-0.3883627928308595,0.0006610050823100317,2,TAKE_PROFIT,0.8027505508915693,RANGING
12364,12370,LONG,2026-02-21 06:35:00,2026-02-21 07:05:00,67797.0567,67782.34082,0.040578695966162835,-0.5971512203946735,-2.797805280890518,-0.00021705780038683273,6,TIME_EXIT,0.9022013329978444,RANGING
12424,12430,LONG,2026-02-21 11:35:00,2026-02-21 12:05:00,68116.92066,67964.80432,0.03768141441666989,-5.731958847087351,-7.783059596490022,-0.002233165247725803,6,TIME_EXIT,0.9479863981789887,RANGING
12526,12528,LONG,2026-02-21 20:05:00,2026-02-21 20:15:00,68479.1931,68527.17682300002,0.0341611746499043,1.6391803417560433,-0.23293907067955644,0.0007007051460133531,2,TAKE_PROFIT,0.9141735623927144,RANGING
12555,12557,LONG,2026-02-21 22:30:00,2026-02-21 22:40:00,68242.54577999999,67999.92973065293,0.03292007893886147,-7.986939496339677,-9.780984715794316,-0.0035552022066878486,2,STOP_LOSS,0.808802684927788,RANGING
12624,12626,SHORT,2026-02-22 04:15:00,2026-02-22 04:25:00,68022.79272,67965.820446,0.032354925717360934,1.8433336932191253,0.0833731022619808,0.0008375468239669732,2,TAKE_PROFIT,0.870517251677726,RANGING
12671,12677,LONG,2026-02-22 08:10:00,2026-02-22 08:40:00,67977.89286,67911.81491999999,0.05371064289766041,-3.5490886387539655,-6.4685780659695675,-0.0009720504302200784,6,TIME_EXIT,0.8132895653203837,RANGING
12802,12808,SHORT,2026-02-22 19:05:00,2026-02-22 19:35:00,67426.0121,67455.68844,0.03426251027106832,-1.0167859040574032,-2.8653401641097678,-0.0004401319175747439,6,TIME_EXIT,0.8852895327828139,RANGING
12809,12811,SHORT,2026-02-22 19:40:00,2026-02-22 19:50:00,67428.61158000001,67402.03771199999,0.038824618114523785,1.0317202769265916,-1.0621791106314828,0.00039410373990116966,2,TAKE_PROFIT,0.8529556797325607,RANGING
12829,12835,SHORT,2026-02-22 21:20:00,2026-02-22 21:50:00,67435.21025999999,67612.54730281519,0.045951553801812164,-8.148912663976814,-10.631174382961529,-0.002629739599409051,6,STOP_LOSS,0.8476645234057187,RANGING
12842,12848,SHORT,2026-02-22 22:25:00,2026-02-22 22:55:00,67564.58438,67644.72623999999,0.04029444075232318,-3.229271429550528,-5.408544851926548,-0.0011861518980010458,6,TIME_EXIT,0.8064621198549627,RANGING
12963,12969,LONG,2026-02-23 08:30:00,2026-02-23 09:00:00,65658.22902,65753.221725,0.018465840863560363,1.7541201737290781,0.7834709988863698,0.001446775315414941,6,TAKE_PROFIT,0.8265346762947477,RANGING
13001,13007,LONG,2026-02-23 11:40:00,2026-02-23 12:10:00,66162.42984,66173.96256,0.020419748406104644,0.23549524083811002,-0.8454150942737056,0.00017430919674341397,6,TIME_EXIT,1.0,RANGING
13113,13115,SHORT,2026-02-23 21:00:00,2026-02-23 21:10:00,64433.01082,64587.414899999996,0.013015062917640275,-2.009578815940271,-2.681262399302885,-0.0023963505357732866,2,REGIME_EXIT,0.8773097186127652,RANGING
13132,13135,SHORT,2026-02-23 22:35:00,2026-02-23 22:50:00,64868.22376,64686.07962899999,0.017130059685895642,3.1201398354657353,2.2324306556184546,0.002807909951009397,3,TAKE_PROFIT,0.8052527244508869,RANGING
13145,13151,LONG,2026-02-23 23:40:00,2026-02-24 00:10:00,64714.34028,64802.441919000004,0.02094111518964571,1.8449465706957442,0.7600562286871386,0.0013613928322349842,6,TAKE_PROFIT,0.8743234479467858,RANGING
13235,13241,SHORT,2026-02-24 07:10:00,2026-02-24 07:40:00,63269.3436,63100.157508,0.012597339298288773,2.1312946054755444,1.4945268125103623,0.0026740611230239406,6,TAKE_PROFIT,0.8733648151718079,RANGING
13257,13258,SHORT,2026-02-24 09:00:00,2026-02-24 09:05:00,63344.52856,63225.477566999994,0.018658541723858942,2.2213179201574205,1.276673224033536,0.001879420302058751,1,TAKE_PROFIT,0.817251087548214,RANGING
13281,13282,SHORT,2026-02-24 11:00:00,2026-02-24 11:05:00,63237.35,63178.548183,0.02237933769053509,1.3159457194600375,0.1843040895041741,0.0009298589678409923,1,TAKE_PROFIT,0.8250237992763931,RANGING
13307,13308,LONG,2026-02-24 13:10:00,2026-02-24 13:15:00,63008.39916,62979.00168,0.021785006707454056,-0.6404242989822384,-1.7382788479238798,-0.00046656446429228137,1,REGIME_EXIT,0.8190161506841673,RANGING
13445,13450,SHORT,2026-02-25 00:40:00,2026-02-25 01:05:00,64133.6707,64397.476919999994,0.022463203784427288,-5.925932879459262,-7.080821424113009,-0.004113380960743781,5,REGIME_EXIT,0.8085252495716481,RANGING
13525,13529,SHORT,2026-02-25 07:20:00,2026-02-25 07:40:00,65072.68286,64968.67113599999,0.018904956785650868,1.9663371474212508,0.9829666763644881,0.001598393049565605,4,TAKE_PROFIT,0.9111415283127597,RANGING
13562,13568,LONG,2026-02-25 10:25:00,2026-02-25 10:55:00,65368.070999999996,65351.32712,0.022200118903291786,-0.3717161269023279,-1.5325105993946226,-0.000256147684088682,6,TIME_EXIT,1.0,RANGING
13768,13774,SHORT,2026-02-26 03:35:00,2026-02-26 04:05:00,68223.3526,68426.78262,0.014473148788230174,-2.944272947452637,-3.73537604304097,-0.0029818238513244773,6,TIME_EXIT,0.8586180015782684,RANGING
13816,13822,LONG,2026-02-26 07:35:00,2026-02-26 08:05:00,68090.31534,67837.32982,0.020261923259782117,-5.125973192076114,-6.22763539812204,-0.0037154405694371103,6,TIME_EXIT,0.8103860453987081,RANGING
13837,13839,SHORT,2026-02-26 09:20:00,2026-02-26 09:30:00,68156.16604000001,68276.95266,0.016591627884779143,-2.004046652499963,-2.909505667152084,-0.001772203852093092,2,REGIME_EXIT,0.8782786199952375,RANGING
13859,13861,LONG,2026-02-26 11:10:00,2026-02-26 11:20:00,68246.74662,68164.16444000001,0.01954251012924087,-1.613863089144746,-2.680187733596356,-0.0012100529928527983,2,REGIME_EXIT,0.8870286632479882,RANGING
13943,13944,LONG,2026-02-26 18:10:00,2026-02-26 18:15:00,66658.329,66824.1325,0.01101628697011443,1.826538936649468,1.2383464961049675,0.0024873635821265347,1,TAKE_PROFIT,0.8175730564366116,RANGING
13945,13946,SHORT,2026-02-26 18:20:00,2026-02-26 18:25:00,66960.50521999999,66825.84249600001,0.01104543243635839,1.4874080196377542,0.8963167937960628,0.002011076881178583,1,TAKE_PROFIT,0.8251825238454017,RANGING
13973,13979,LONG,2026-02-26 20:40:00,2026-02-26 21:10:00,67352.56782000001,67312.13488000001,0.013337527600929516,-0.5392754532367108,-1.257713128889598,-0.0006003177207446041,6,TIME_EXIT,1.0,RANGING
13992,13993,SHORT,2026-02-26 22:15:00,2026-02-26 22:20:00,67494.29844,67406.14353300001,0.018174611351438136,1.6021811734469764,0.6214759318483734,0.0013061089460520243,1,TAKE_PROFIT,0.8725520510437674,RANGING
14008,14009,SHORT,2026-02-26 23:35:00,2026-02-26 23:40:00,67544.08848,67487.224746,0.02217386671566094,1.2608888586707676,0.06322232190517219,0.0008418758070417394,1,TAKE_PROFIT,0.8090695403031098,RANGING
14085,14091,LONG,2026-02-27 06:00:00,2026-02-27 06:30:00,67699.33716,67606.37602,0.020200281062765797,-1.8778411559151085,-2.971126530168698,-0.0013731469745456432,6,TIME_EXIT,0.8617579004225169,RANGING
14108,14113,SHORT,2026-02-27 07:55:00,2026-02-27 08:20:00,67682.86072,67893.17592000001,0.021950264432181434,-4.616474254107384,-5.806846196073431,-0.0031073627468270497,5,REGIME_EXIT,0.8100759801649828,RANGING
14129,14130,LONG,2026-02-27 09:40:00,2026-02-27 09:45:00,67785.15432,67356.98993642896,0.018054640868390502,-7.730354178010962,-8.70633133030458,-0.006316491979198934,1,STOP_LOSS,0.8729685165382406,RANGING
14173,14174,SHORT,2026-02-27 13:20:00,2026-02-27 13:25:00,66098.2777,65983.76411399999,0.014736200867938221,1.6874952054041463,0.9089402057167386,0.001732474581558053,1,TAKE_PROFIT,0.8417522816744266,RANGING
14179,14181,SHORT,2026-02-27 13:50:00,2026-02-27 14:00:00,66102.57684000001,66171.33162,0.013235582722116125,-0.9100095782307416,-1.61029848119072,-0.0010401225381335432,2,REGIME_EXIT,0.9058330989182289,RANGING
14261,14262,SHORT,2026-02-27 20:40:00,2026-02-27 20:45:00,65540.78921999999,65614.22022,0.01821190428355223,-1.3373183434457316,-2.2927513347375994,-0.0011203862643998142,1,REGIME_EXIT,0.8110456403136366,RANGING
14275,14281,LONG,2026-02-27 21:50:00,2026-02-27 22:20:00,65548.00698,65438.309720000005,0.023241562131147746,-2.5495356839066874,-3.7672663310719856,-0.001673540738370148,6,TIME_EXIT,0.8013212747177408,RANGING
14320,14326,LONG,2026-02-28 01:35:00,2026-02-28 02:05:00,65756.74872,65846.23811800001,0.0226423670280133,2.0262517946320764,0.8343305426445564,0.001360915795594785,6,TAKE_PROFIT,0.9670726644226707,RANGING
14349,14350,LONG,2026-02-28 04:00:00,2026-02-28 04:05:00,65776.95276,65701.55705999999,0.031777730962744374,-2.3959042703480473,-4.067139755325049,-0.0011462327887870405,1,REGIME_EXIT,0.8218056139059495,RANGING
14445,14448,LONG,2026-02-28 12:00:00,2026-02-28 12:15:00,63823.16208,63967.998841,0.016516471107048045,2.392192178294901,1.5479285714597717,0.0022693448002223874,3,TAKE_PROFIT,0.9195987076818714,RANGING
14512,14513,SHORT,2026-02-28 17:35:00,2026-02-28 17:40:00,65071.18316,64948.412085,0.016009289789113205,1.9654777173959022,1.1328691659797379,0.0018867195744408365,1,TAKE_PROFIT,0.8213359695022502,RANGING
14633,14639,LONG,2026-03-01 03:40:00,2026-03-01 04:10:00,67506.09852,67243.74855999999,0.010840723013773753,-2.8440632490346975,-3.4283775563717573,-0.0038863149515636804,6,TIME_EXIT,0.826911187514192,RANGING
14684,14685,SHORT,2026-03-01 07:55:00,2026-03-01 08:00:00,67082.78076,66972.376797,0.01885626233817069,2.081806089501497,1.0706944020296583,0.0016457869180315976,1,TAKE_PROFIT,0.8417120756671808,RANGING
14725,14727,SHORT,2026-03-01 11:20:00,2026-03-01 11:30:00,66543.88855999999,66446.98173900001,0.01854928549192593,1.7975522888436346,0.8107980404452971,0.001456284312459517,2,TAKE_PROFIT,0.8910141374544035,RANGING
14850,14855,SHORT,2026-03-01 21:45:00,2026-03-01 22:10:00,65616.07416,66104.3841529605,0.015729658186032277,-7.6809492780924,-8.509716392240552,-0.007441926375689376,5,STOP_LOSS,0.8788619550409955,RANGING
14906,14912,LONG,2026-03-02 02:25:00,2026-03-02 02:55:00,66188.63508,66228.95156,0.010474171257046997,0.4222817160014002,-0.13250407596348723,0.0006091148420159959,6,TIME_EXIT,0.8577696906325595,RANGING
14938,14940,LONG,2026-03-02 05:05:00,2026-03-02 05:15:00,66666.73068,66757.520825,0.01424045868301493,1.2928933086975243,0.5328842923498662,0.0013618508673508918,2,TAKE_PROFIT,0.878556212828796,RANGING
14942,14944,LONG,2026-03-02 05:25:00,2026-03-02 05:35:00,66615.52044,66730.92614499999,0.015111171089857349,1.7439153530005664,0.9379069655723828,0.0017324146721024614,2,TAKE_PROFIT,0.9018328171601898,RANGING
15105,15111,LONG,2026-03-02 19:00:00,2026-03-02 19:30:00,68867.57076,68845.42816,0.00941890301080838,-0.2085590018071868,-0.7274011538692025,-0.0003215243365730488,6,TIME_EXIT,0.8720507580957844,RANGING
15125,15131,SHORT,2026-03-02 20:40:00,2026-03-02 21:10:00,68986.6999,69248.04684,0.010799377935076002,-2.8223843772355077,-3.419524086757418,-0.003788367038557073,6,TIME_EXIT,0.8322245151683205,RANGING
15156,15160,LONG,2026-03-02 23:15:00,2026-03-02 23:35:00,69206.8386,68782.2408,0.01575853206950829,-6.691038047942717,-7.560840181129447,-0.006135200055215399,4,REGIME_EXIT,0.8968816368420796,RANGING
15177,15180,SHORT,2026-03-03 01:00:00,2026-03-03 01:15:00,69037.98964,68893.20588600001,0.014174502857451478,2.0522377347853977,1.2701952847394036,0.002097160632210859,3,TAKE_PROFIT,0.8658420310527395,RANGING
15252,15258,SHORT,2026-03-03 07:15:00,2026-03-03 07:45:00,68117.17384,68148.02687999999,0.015851105640394228,-0.48905479636710636,-1.3530364330560039,-0.00045294069411126395,6,TIME_EXIT,0.9781615639654665,RANGING
15405,15411,LONG,2026-03-03 20:00:00,2026-03-03 20:30:00,68409.57917999999,68316.13404,0.009027619898738496,-0.8435872053042386,-1.3373103130378725,-0.00136596571883753,6,TIME_EXIT,0.8927249063737033,RANGING
15446,15451,SHORT,2026-03-03 23:25:00,2026-03-03 23:50:00,68474.90228000001,68287.53477599999,0.013215213670760707,2.476101600317422,1.7531636691858212,0.002736294580368453,5,TAKE_PROFIT,0.8230052625123668,RANGING
15515,15518,SHORT,2026-03-04 05:10:00,2026-03-04 05:25:00,67837.12986,67657.483791,0.013181023599317596,2.3679190750135697,1.6535359949678692,0.0026481967820682043,3,TAKE_PROFIT,1.0,RANGING
15595,15601,LONG,2026-03-04 11:50:00,2026-03-04 12:20:00,71040.60527999999,70632.3707,0.011946772996529206,-4.877085856593315,-5.554099810103633,-0.005746496364874292,6,TIME_EXIT,0.9171966904566464,RANGING
15672,15673,LONG,2026-03-04 18:15:00,2026-03-04 18:20:00,73006.5984,73172.46258,0.009346256681830225,1.5502092006013297,1.0037183904301326,0.0022719066993265656,1,TAKE_PROFIT,0.8734362508590108,RANGING
15697,15703,LONG,2026-03-04 20:20:00,2026-03-04 20:50:00,73370.97126,73193.3584,0.010209797347192165,-1.813391306855299,-2.411948148517565,-0.0024207511083724526,6,TIME_EXIT,0.8779224112806074,RANGING
15745,15751,SHORT,2026-03-05 00:20:00,2026-03-05 00:50:00,72850.427,72747.84666,0.013277843038231433,1.362045653328419,0.5887532436104406,0.001408095246991489,6,TIME_EXIT,0.9472862191734828,RANGING
15970,15976,SHORT,2026-03-05 19:05:00,2026-03-05 19:35:00,71108.57544,70991.89554,0.011018192173969665,1.285601561039594,0.6593254421318984,0.0016408696036732586,6,TIME_EXIT,1.0,RANGING
16068,16069,LONG,2026-03-06 03:15:00,2026-03-06 03:20:00,71043.90594,71164.454262,0.015485540297596198,1.8667558981386392,0.9858865811133805,0.0016968143911148584,1,TAKE_PROFIT,0.9465882193225894,RANGING
16073,16079,LONG,2026-03-06 03:40:00,2026-03-06 04:10:00,71078.2128,70857.8256,0.016698040673284863,-3.680034429471322,-4.628055926354571,-0.003100629451954895,6,TIME_EXIT,0.8416281533220688,RANGING
16137,16140,LONG,2026-03-06 09:00:00,2026-03-06 09:15:00,70764.35003999999,70347.82801485398,0.01851668109613768,-7.71260550914615,-8.757777189075401,-0.005886043253567236,3,STOP_LOSS,0.8972659103340137,RANGING
16192,16193,SHORT,2026-03-06 13:35:00,2026-03-06 13:40:00,70140.16916,69968.79596100001,0.013554955678831254,2.32295611698445,1.5632877920156223,0.0024432960606220783,1,TAKE_PROFIT,0.859207425580218,RANGING
16302,16308,SHORT,2026-03-06 22:45:00,2026-03-06 23:15:00,68330.93108000001,68329.6632,0.02249263037267879,0.02851795619722631,-1.2010245372630384,1.8554993763067193e-05,6,TIME_EXIT,0.8224035748268995,RANGING
16314,16320,LONG,2026-03-06 23:45:00,2026-03-07 00:15:00,68223.44196,68188.75951999999,0.025366123207363755,-0.8797590461721059,-2.263858530063869,-0.0005083654386763241,6,TIME_EXIT,0.9418952022094684,RANGING
16345,16351,LONG,2026-03-07 02:20:00,2026-03-07 02:50:00,68197.1367,68175.46218,0.03216403561206126,-0.6971400331543497,-2.451657283908616,-0.00031782155452283794,6,TIME_EXIT,0.8141357478831623,RANGING
16435,16441,SHORT,2026-03-07 09:50:00,2026-03-07 10:20:00,67955.70614000001,67926.18252,0.028737855920648415,0.8484455378161813,-0.7135361175984867,0.0004344538770472588,6,TIME_EXIT,0.8245071225807337,RANGING
16448,16451,LONG,2026-03-07 10:55:00,2026-03-07 11:10:00,67893.576,67937.104861,0.030995246153020115,1.3491877614555623,-0.3348543939120432,0.0006411337208103292,3,TAKE_PROFIT,0.9117967940106011,RANGING
16483,16486,LONG,2026-03-07 13:50:00,2026-03-07 14:05:00,67899.67722,67643.66856,0.02856080505365849,-7.311813430308116,-8.860304260365398,-0.003770395832229145,3,REGIME_EXIT,0.8241244560842412,RANGING
16919,16922,LONG,2026-03-09 02:10:00,2026-03-09 02:25:00,66200.7375,66067.88378,0.011706043402441479,-1.5551914124957977,-2.174528301089708,-0.002006831419362951,3,REGIME_EXIT,0.8045527735083939,RANGING
17021,17024,LONG,2026-03-09 10:40:00,2026-03-09 10:55:00,67700.5374,67557.68576,0.013549827814584494,-1.93561512503112,-2.668705378760978,-0.0021100517881562347,3,REGIME_EXIT,0.8083696895008102,RANGING
17082,17084,LONG,2026-03-09 15:45:00,2026-03-09 15:55:00,68740.54536,69028.346569,0.010339281476877082,2.9756577092365033,2.405885168271947,0.004186775177484531,2,TAKE_PROFIT,0.920777944898939,RANGING
17088,17090,LONG,2026-03-09 16:15:00,2026-03-09 16:25:00,68752.14768,68977.19680100001,0.011277460357538075,2.5379825405764946,1.9166876515948215,0.0032733395042070083,2,TAKE_PROFIT,0.8269009663280161,RANGING
17099,17100,SHORT,2026-03-09 17:10:00,2026-03-09 17:15:00,68983.7005,68875.627371,0.011827652441970675,1.2782514081283949,0.6260305217516473,0.0015666473125780088,1,TAKE_PROFIT,0.8583466342467745,RANGING
17150,17151,LONG,2026-03-09 21:25:00,2026-03-09 21:30:00,68836.7646,68905.846074,0.01516559886238205,1.047661923506166,0.21208225161050676,0.001003554923033178,1,TAKE_PROFIT,0.8655029059651713,RANGING
17166,17172,LONG,2026-03-09 22:45:00,2026-03-09 23:15:00,68712.03966,68522.39278000001,0.016173994736467873,-3.067347638907323,-3.955199234086009,-0.0027600240210943214,6,TIME_EXIT,0.8236540242610918,RANGING
17174,17176,LONG,2026-03-09 23:25:00,2026-03-09 23:35:00,68583.31392,68517.99366,0.01833829082920979,-1.1978619249197402,-2.203543385506534,-0.0009524220435921404,2,REGIME_EXIT,0.823963659741248,RANGING
17273,17278,SHORT,2026-03-10 07:40:00,2026-03-10 08:05:00,70277.54168000001,70795.6284011536,0.014744926534236695,-7.639150641773332,-8.471196053292728,-0.007372009731254377,5,STOP_LOSS,0.8152402721920162,RANGING
17309,17315,LONG,2026-03-10 10:40:00,2026-03-10 11:10:00,70705.43826,70568.8834,0.014869535799040606,-2.0305073793028185,-2.8707808126662377,-0.0019313204664377578,6,TIME_EXIT,0.8188495167649978,RANGING
17391,17392,LONG,2026-03-10 17:30:00,2026-03-10 17:35:00,71016.70049999999,70619.67324,0.010157685990708635,-4.032878236831313,-4.608357360556742,-0.005590618223666813,1,REGIME_EXIT,0.9215514793906702,RANGING
17426,17432,SHORT,2026-03-10 20:25:00,2026-03-10 20:55:00,70146.56788,70206.93857999999,0.012090804520417806,-0.7299303324606051,-1.4087250566058285,-0.0008606365475109391,6,TIME_EXIT,0.8405419537516889,RANGING
17460,17466,SHORT,2026-03-10 23:15:00,2026-03-10 23:45:00,69738.0496,69858.76896,0.016923052149946466,-2.0429400247882086,-2.987901720971206,-0.0017310400949326634,6,TIME_EXIT,0.8414745884576126,RANGING
17583,17585,LONG,2026-03-11 09:30:00,2026-03-11 09:40:00,69509.8992,69554.47132299999,0.020151814751008967,0.8982091657550012,-0.22275060754306597,0.0006412341769011057,2,TAKE_PROFIT,0.8031784502424425,RANGING
17587,17588,SHORT,2026-03-11 09:50:00,2026-03-11 09:55:00,69616.47391999999,69561.999618,0.0183523735283685,0.9997327380009273,-0.021969395390083468,0.0007824915416225638,1,TAKE_PROFIT,0.8912741689079522,RANGING
17807,17809,SHORT,2026-03-12 04:10:00,2026-03-12 04:20:00,69589.37934,69453.78798,0.017814704624922666,2.415520028091658,1.4247148457238576,0.0019484490490644145,2,REGIME_EXIT,0.9672106523676104,RANGING
17870,17871,LONG,2026-03-12 09:25:00,2026-03-12 09:30:00,69656.12844,69772.817645,0.019760890690033988,2.305882624712015,1.203786559667084,0.0016752180692975994,1,TAKE_PROFIT,0.9440923583803651,RANGING
17908,17909,LONG,2026-03-12 12:35:00,2026-03-12 12:40:00,70302.25764,70409.155352,0.017449884121429587,1.8653526872460475,0.8831935467368387,0.001520544511492098,1,TAKE_PROFIT,0.8432241219870498,RANGING
17973,17979,LONG,2026-03-12 18:00:00,2026-03-12 18:30:00,70181.33346,69886.71986,0.011054739365707575,-3.2568765615927915,-3.876242890758644,-0.00419789116956452,6,TIME_EXIT,0.8118946490594466,RANGING
18076,18080,LONG,2026-03-13 02:35:00,2026-03-13 02:55:00,71330.86332,71100.37708,0.01434339050307071,-3.305954145904453,-4.123132906262029,-0.0032312273996461475,4,REGIME_EXIT,1.0,RANGING
18189,18190,LONG,2026-03-13 12:00:00,2026-03-13 12:05:00,72204.23796,72309.210265,0.018097041619626723,1.899688172493204,0.8535818176437653,0.0014538247056655588,1,TAKE_PROFIT,0.867264486514282,RANGING
18296,18302,SHORT,2026-03-13 20:55:00,2026-03-13 21:25:00,71342.82858,71231.00335200001,0.017826249677455035,1.9934244345661034,0.976801744369566,0.0015674347404741906,6,TAKE_PROFIT,0.8065220428679132,RANGING
18329,18333,SHORT,2026-03-13 23:40:00,2026-03-14 00:00:00,70853.72641999999,70780.343238,0.020311544174069662,1.4905257428266003,0.33980307786190966,0.0010356996831048324,4,TAKE_PROFIT,0.8341914159849113,RANGING
18393,18397,LONG,2026-03-14 05:00:00,2026-03-14 05:20:00,71010.49926,71089.984159,0.02522127463783782,2.0047104672398706,0.5711283398478233,0.0011193400951734524,4,TAKE_PROFIT,0.8568921069235749,RANGING
18443,18447,SHORT,2026-03-14 09:10:00,2026-03-14 09:30:00,70646.96778,70592.69071499999,0.02788718874119165,1.51363475597339,-0.06187604970321692,0.0007682858402223217,4,TAKE_PROFIT,0.8661796271674005,RANGING
18526,18527,LONG,2026-03-14 16:05:00,2026-03-14 16:10:00,70522.30163999999,70590.024171,0.0298836009888299,2.023793094357864,0.3370153187011895,0.0009602994999470456,1,TAKE_PROFIT,0.8134897264128744,RANGING
18540,18546,SHORT,2026-03-14 17:15:00,2026-03-14 17:45:00,70643.06856,70619.121,0.03776459857373214,0.9043699902203846,-1.2295139627315577,0.0003389937680815903,6,TIME_EXIT,0.8365468712789728,RANGING
18689,18690,SHORT,2026-03-15 05:40:00,2026-03-15 05:45:00,71596.97774,71545.861311,0.023175253945585894,1.1846362228665464,-0.14231243533307558,0.0007139467420765673,1,TAKE_PROFIT,0.8152260842038129,RANGING
18693,18694,LONG,2026-03-15 06:00:00,2026-03-15 06:05:00,71462.7897,71515.29408,0.02420821610887088,1.2710373777025938,-0.11346036268880044,0.0007347093532232068,1,TAKE_PROFIT,0.8146153092054766,RANGING
18703,18707,LONG,2026-03-15 06:50:00,2026-03-15 07:10:00,71410.67928,71491.30387900001,0.029394244503071387,2.3698991759685857,0.6897008427888114,0.001129027196112915,4,TAKE_PROFIT,0.810750082638649,RANGING
18754,18756,LONG,2026-03-15 11:05:00,2026-03-15 11:15:00,71703.13776,71750.312067,0.031213200423961307,1.4724610992527434,-0.318595413130788,0.0006579113337816141,2,TAKE_PROFIT,0.9757797530150265,RANGING
18940,18944,LONG,2026-03-16 02:35:00,2026-03-16 02:55:00,72373.9719,72532.810536,0.016680682906749136,2.649536920456555,1.6826792849156744,0.0021946928133151195,4,TAKE_PROFIT,0.8038175948064885,RANGING
19009,19010,LONG,2026-03-16 08:20:00,2026-03-16 08:25:00,73452.1875,73313.23442,0.01495498573994458,-2.078041329921477,-2.955991246693697,-0.0018917486970691866,1,REGIME_EXIT,0.818809018127279,RANGING
19030,19036,SHORT,2026-03-16 10:05:00,2026-03-16 10:35:00,73354.92608,73179.512976,0.017125499162740077,3.0040369656857506,2.000246800339305,0.0023912927648335864,6,TAKE_PROFIT,1.0,RANGING
19147,19153,LONG,2026-03-16 19:50:00,2026-03-16 20:20:00,73914.78,73947.80748,0.01255734471193722,0.4147374513266662,-0.32796714106746694,0.00044683187854992315,6,TIME_EXIT,0.9219105828862111,RANGING
19160,19166,SHORT,2026-03-16 20:55:00,2026-03-16 21:25:00,74111.37475999999,74251.8474,0.01716807509493575,-2.411644832304,-3.4304892080518066,-0.0018954261805952128,6,TIME_EXIT,0.8224096706721494,RANGING
19188,19191,LONG,2026-03-16 23:15:00,2026-03-16 23:30:00,74371.07123999999,74575.31195400002,0.012872140337970931,2.6290151333357534,1.8621116344132083,0.0027462387000038147,3,TAKE_PROFIT,0.8363745851239615,RANGING
19290,19295,SHORT,2026-03-17 07:45:00,2026-03-17 08:10:00,74342.22858000001,74185.099053,0.017898096298245382,2.81231940554396,1.7489768403853696,0.0021135972111856194,5,TAKE_PROFIT,0.8131090957591502,RANGING
19301,19302,LONG,2026-03-17 08:40:00,2026-03-17 08:45:00,74179.63296,74252.42154499999,0.017793378653541542,1.2951548545602718,0.23871175450803905,0.0009812475755877278,1,TAKE_PROFIT,0.8458837174733563,RANGING
19305,19310,LONG,2026-03-17 09:00:00,2026-03-17 09:25:00,74164.93002,74263.02442399999,0.01708730907301025,1.6761693994805376,0.6616756664168124,0.0013226521480372937,5,TAKE_PROFIT,0.9472777499248394,RANGING
19348,19354,LONG,2026-03-17 12:35:00,2026-03-17 13:05:00,73822.56156,73731.45075999999,0.017369901308689175,-1.5825856041558823,-2.607785056835685,-0.0012341863798096236,6,TIME_EXIT,0.8008888962180255,RANGING
19429,19430,SHORT,2026-03-17 19:20:00,2026-03-17 19:25:00,74674.96201999999,74574.74696699998,0.017303376772040004,1.734058820289082,0.7010492412013276,0.0013420167923643114,1,TAKE_PROFIT,0.8085316836635251,RANGING
19437,19441,LONG,2026-03-17 20:00:00,2026-03-17 20:20:00,74475.69216,74569.663084,0.015754421028540817,1.4804575011369137,0.5412081895919495,0.0012617663733572452,4,TAKE_PROFIT,0.8111157584328735,RANGING
19459,19462,SHORT,2026-03-17 21:50:00,2026-03-17 22:05:00,74650.46691999999,74561.41430099998,0.020255066900729923,1.803766755530398,0.5948481009243494,0.001192927823150033,3,TAKE_PROFIT,0.8008273633355019,RANGING
19569,19575,LONG,2026-03-18 07:00:00,2026-03-18 07:30:00,73924.88202,73702.85648,0.024989517040104235,-5.548311015168403,-7.023969369903524,-0.003003393903827056,6,TIME_EXIT,0.8245701600371225,RANGING
19612,19614,LONG,2026-03-18 10:35:00,2026-03-18 10:45:00,74066.51034,73801.16023323085,0.029552019053473332,-7.841631411082794,-9.589546698351928,-0.003582592261348053,2,STOP_LOSS,0.8407690374699055,RANGING
19753,19759,LONG,2026-03-18 22:20:00,2026-03-18 22:50:00,71081.2134,71036.38988,0.01754129861887381,-0.7862627494689016,-1.7834336767221495,-0.000630595875562119,6,TIME_EXIT,0.8202517298010129,RANGING
19781,19787,LONG,2026-03-19 00:40:00,2026-03-19 01:10:00,71092.51566,70955.806,0.020368648244641643,-2.784590976184713,-3.9419238952384137,-0.0019229824508366217,6,TIME_EXIT,0.8080607404354612,RANGING
19788,19793,LONG,2026-03-19 01:15:00,2026-03-19 01:40:00,70984.29402,71103.951365,0.022188298712256294,2.654992913975499,1.393914341134398,0.0016856876109282127,5,TAKE_PROFIT,0.8227738782767475,RANGING
19847,19849,SHORT,2026-03-19 06:10:00,2026-03-19 06:20:00,70825.832,70784.54407799998,0.02033718076074511,0.8396799329499051,-0.3123023934082473,0.0005829500456841469,2,TAKE_PROFIT,0.8742532693938363,RANGING
19886,19887,SHORT,2026-03-19 09:25:00,2026-03-19 09:30:00,70230.15116,70079.80315800001,0.013973610261191703,2.1009043834966508,1.3166497365345131,0.0021407899529855474,1,TAKE_PROFIT,1.0,RANGING
19990,19991,SHORT,2026-03-19 18:05:00,2026-03-19 18:10:00,69713.65448000001,69813.95999999999,0.01215005779372378,-1.218717865029272,-1.8968252969302366,-0.0014388217164652628,1,REGIME_EXIT,0.8126165467915523,RANGING
20038,20044,LONG,2026-03-19 22:05:00,2026-03-19 22:35:00,70344.16602,69951.86694804984,0.01954370450780785,-7.666977140881346,-8.76373882565944,-0.005576852980794904,6,STOP_LOSS,0.8452714557048224,RANGING
20048,20054,LONG,2026-03-19 22:55:00,2026-03-19 23:25:00,70147.32666,70100.77704,0.018572968009130636,-0.8645646030972849,-1.9064940204418195,-0.0006635979190715068,6,TIME_EXIT,0.8141014683949516,RANGING
20127,20133,LONG,2026-03-20 05:30:00,2026-03-20 06:00:00,70609.31904,70524.29232,0.020630138720089654,-1.7541130285144058,-2.918755420684014,-0.0012041855261603856,6,TIME_EXIT,0.8607685353653114,RANGING
20342,20348,LONG,2026-03-20 23:25:00,2026-03-20 23:55:00,70501.89756,70458.60545999999,0.018768596991073545,-0.8125319777973682,-1.8707843269339226,-0.0006140558126561443,6,TIME_EXIT,0.841197653465015,RANGING
20361,20364,SHORT,2026-03-21 01:00:00,2026-03-21 01:15:00,70629.77122,70562.37465299999,0.025285189570282723,1.704134972981347,0.2761069032878207,0.0009542232097860591,3,TAKE_PROFIT,0.8073035464008023,RANGING
20400,20403,SHORT,2026-03-21 04:15:00,2026-03-21 04:30:00,70703.65644,70676.48747100001,0.03639531204891725,0.9888231048020387,-1.0694066772626312,0.0003842654024979191,3,TAKE_PROFIT,0.8161790514691208,RANGING
20418,20419,SHORT,2026-03-21 05:45:00,2026-03-21 05:50:00,70721.05296,70679.548083,0.035700209199900364,1.4817327917161114,-0.5374796235745887,0.0005868814909115488,1,TAKE_PROFIT,0.8240285360849823,RANGING
20445,20448,LONG,2026-03-21 08:00:00,2026-03-21 08:15:00,70701.53748,70571.8828,0.03973128954470261,-5.15134763190546,-7.396537698351517,-0.0018338311247710702,3,REGIME_EXIT,0.861477114076824,RANGING
20491,20495,SHORT,2026-03-21 11:50:00,2026-03-21 12:10:00,70580.28112,70711.03937999999,0.0564809222736693,-7.385347119699551,-10.57745275614139,-0.0018526174439242272,4,REGIME_EXIT,0.8279255428837013,RANGING
20572,20578,SHORT,2026-03-21 18:35:00,2026-03-21 19:05:00,70396.21794,70405.87836,0.03182194226552778,-0.3074133275007549,-2.0996517992303083,-0.00013722924729044268,6,TIME_EXIT,0.9428725565609262,RANGING
20603,20604,SHORT,2026-03-21 21:10:00,2026-03-21 21:15:00,70433.4105,70402.197624,0.04747845321599299,1.4819390729028303,-1.1927236596816722,0.0004431544032644146,1,TAKE_PROFIT,0.8120065626034775,RANGING
20606,20612,LONG,2026-03-21 21:25:00,2026-03-21 21:55:00,70350.5673,70307.53568,0.044182037467328246,-1.9012246471195793,-4.38704927749785,-0.0006116741008852433,6,TIME_EXIT,0.8225957505457723,RANGING
20698,20703,LONG,2026-03-22 05:05:00,2026-03-22 05:30:00,69257.74878,69118.1736,0.02202518098043281,-3.074168599876482,-4.293270493378011,-0.0020153005614341572,5,REGIME_EXIT,0.8652569784528321,RANGING
20710,20715,LONG,2026-03-22 06:05:00,2026-03-22 06:30:00,69127.42272,69194.818268,0.028050900308523162,1.8905057981862994,0.3384804412239375,0.0009749466325829255,5,TAKE_PROFIT,0.8204333888544701,RANGING
20959,20961,SHORT,2026-03-23 02:50:00,2026-03-23 03:00:00,68173.46258,68505.6984,0.01498667314964269,-4.979109642943329,-5.798456007733192,-0.004873389254801543,2,REGIME_EXIT,0.803371803058081,RANGING
20973,20978,LONG,2026-03-23 04:00:00,2026-03-23 04:25:00,68058.80904,68176.771918,0.018276973494515163,2.1560043945428307,1.1600147536711347,0.0017332492246620974,5,TAKE_PROFIT,0.8384624101430134,RANGING
21036,21040,LONG,2026-03-23 09:15:00,2026-03-23 09:35:00,68267.75082,68066.384,0.015030234876679392,-3.0265906009699557,-3.8462442281913454,-0.0029496624333052203,4,REGIME_EXIT,0.8053945970125163,RANGING
21109,21115,LONG,2026-03-23 15:20:00,2026-03-23 15:50:00,71099.41704,70310.67422575929,0.009488513003109477,-7.483996449032189,-8.02070504493061,-0.011093520131071882,6,STOP_LOSS,0.9480364357076931,RANGING
21156,21157,LONG,2026-03-23 19:15:00,2026-03-23 19:20:00,70917.38063999999,70982.810598,0.012821945769339935,0.838939373166291,0.1111647504812503,0.0009226223164128403,1,TAKE_PROFIT,0.806357335703692,RANGING
21162,21168,LONG,2026-03-23 19:45:00,2026-03-23 20:15:00,70889.47506,70699.75722,0.01479151581600233,-2.806214430937763,-3.643942178395862,-0.002676248340665841,6,TIME_EXIT,0.8930778639343249,RANGING
21206,21207,LONG,2026-03-23 23:25:00,2026-03-23 23:30:00,70529.50308,70644.738226,0.019875741121264688,2.290383929967266,1.1680068606916632,0.0016338573358343073,1,TAKE_PROFIT,0.8234925852548778,RANGING
21211,21216,SHORT,2026-03-23 23:50:00,2026-03-24 00:15:00,70741.24892,70655.708316,0.019944378870316533,1.7060542149716011,0.5780244204817098,0.0012092040401595209,5,TAKE_PROFIT,0.8370614691748641,RANGING
21260,21266,SHORT,2026-03-24 03:55:00,2026-03-24 04:25:00,70510.29512,70508.69892000001,0.020994719163635035,0.03351177072868775,-1.1507498999145616,2.2637828947799214e-05,6,TIME_EXIT,0.8004014431533714,RANGING
21324,21325,LONG,2026-03-24 09:15:00,2026-03-24 09:20:00,70854.76812000001,70961.019957,0.018997642793611057,2.0185344454907757,0.9408681717382588,0.0014995721504590942,1,TAKE_PROFIT,0.8076736650415233,RANGING
21349,21352,LONG,2026-03-24 11:20:00,2026-03-24 11:35:00,71004.6981,71153.78639600001,0.018287373343680628,2.726433330125465,1.6865512181453903,0.002099696217143923,3,TAKE_PROFIT,1.0,RANGING
21436,21437,SHORT,2026-03-24 18:35:00,2026-03-24 18:40:00,69464.20438000001,69507.3987,0.013139041208546063,-0.5675319504550604,-1.2979133983293916,-0.000621821273064656,1,REGIME_EXIT,0.9292349724507474,RANGING
21452,21456,LONG,2026-03-24 19:55:00,2026-03-24 20:15:00,69343.866,69452.391743,0.017278077434024514,1.8751161911391407,0.9158631956045894,0.001565037389175931,4,TAKE_PROFIT,0.8079490292708977,RANGING
21526,21532,LONG,2026-03-25 02:05:00,2026-03-25 02:35:00,70631.22342000001,70726.77181600001,0.018672505991477503,1.7841279967860337,0.7283247915910502,0.0013527784366955016,6,TAKE_PROFIT,0.8753520099454277,RANGING
21586,21587,LONG,2026-03-25 07:05:00,2026-03-25 07:10:00,71014.30002000001,71092.22871,0.023777085286235917,1.8529171083743092,0.5013654870366511,0.0010973661639703378,1,TAKE_PROFIT,0.8935511158791092,RANGING
21627,21631,SHORT,2026-03-25 10:30:00,2026-03-25 10:50:00,71355.42606,71558.3088,0.020636022627917208,-4.186692813453862,-5.3663612400183105,-0.0028432699684170443,4,REGIME_EXIT,0.8056549703114663,RANGING
21737,21738,SHORT,2026-03-25 19:40:00,2026-03-25 19:45:00,71000.59704000001,70911.059376,0.01688221624371084,1.5115942056047764,0.5532808971575335,0.001261083254688123,1,TAKE_PROFIT,0.9164329664368799,RANGING
21757,21763,SHORT,2026-03-25 21:20:00,2026-03-25 21:50:00,71027.69162,71009.39903999999,0.02024697786315614,0.370369462320184,-0.7799592698158647,0.000257541524760149,6,TIME_EXIT,0.8053696600087156,RANGING
21791,21792,LONG,2026-03-26 00:10:00,2026-03-26 00:15:00,71192.63567999999,71261.774794,0.022371176451872088,1.5467233190202132,0.27197421779570563,0.000971155419933809,1,TAKE_PROFIT,0.8685107554985712,RANGING
21800,21801,LONG,2026-03-26 00:55:00,2026-03-26 01:00:00,71201.93754,71243.893371,0.02240434640396316,0.9399929713901205,-0.33656932442204246,0.0005892512542433169,1,TAKE_PROFIT,0.8061365083371669,RANGING
21805,21806,LONG,2026-03-26 01:20:00,2026-03-26 01:25:00,71188.7349,71229.29129200001,0.02174683405126447,0.881973126542316,-0.35688334606010874,0.0005697023841901867,1,TAKE_PROFIT,0.8384160601013902,RANGING
21811,21812,LONG,2026-03-26 01:50:00,2026-03-26 01:55:00,71198.7369,71237.919566,0.02367258170185561,0.9275548621813621,-0.4211824928308481,0.000550328105609881,1,TAKE_PROFIT,0.8650813444979706,RANGING
21945,21951,SHORT,2026-03-26 13:00:00,2026-03-26 13:30:00,69381.32096,69347.806788,0.023988804565877906,0.8039649222951119,-0.5272134509614809,0.00048304315248361043,6,TAKE_PROFIT,0.8905472726018321,RANGING
22000,22001,SHORT,2026-03-26 17:35:00,2026-03-26 17:40:00,69097.47774,68977.247691,0.017654965722283335,2.1226573938835385,1.1475755760443431,0.0017400063349983176,1,TAKE_PROFIT,1.0,RANGING
22026,22029,SHORT,2026-03-26 19:45:00,2026-03-26 20:00:00,68578.68152,68413.775019,0.017253322264948925,2.8451850053382075,1.8997550051244572,0.002404632129766337,3,TAKE_PROFIT,0.9446057036818263,RANGING
22062,22065,LONG,2026-03-26 22:45:00,2026-03-26 23:00:00,68782.35372,68886.70990199999,0.016901060388981502,1.7637301339453522,0.8330288707573688,0.0015171941109314603,3,TAKE_PROFIT,0.8037740115165961,RANGING
22287,22293,LONG,2026-03-27 17:30:00,2026-03-27 18:00:00,65841.26562,65635.3703,0.013381352697210637,-2.7551578956251883,-3.4588919903004975,-0.0031271470568066903,6,TIME_EXIT,0.8004200882192738,RANGING
22309,22315,SHORT,2026-03-27 19:20:00,2026-03-27 19:50:00,65875.22232,65935.08437999999,0.015529357454233174,-0.9296193276865193,-1.7483910752450815,-0.0009087189066200774,6,TIME_EXIT,0.9427655001319704,RANGING
22346,22352,LONG,2026-03-27 22:25:00,2026-03-27 22:55:00,65987.99496,65967.90378000001,0.03002431770097577,-0.6032239713071459,-2.1879783018221652,-0.0003044671991044313,6,TIME_EXIT,0.8033776980908406,RANGING
22357,22362,SHORT,2026-03-27 23:20:00,2026-03-27 23:45:00,66043.68862,66290.99956464955,0.03132630705141581,-7.747338589267532,-9.405561419517811,-0.0037446567539938676,5,STOP_LOSS,0.8032293156628526,RANGING
22381,22383,LONG,2026-03-28 01:20:00,2026-03-28 01:30:00,66229.44324,66167.7638,0.025612787391261424,-1.5797823831318762,-2.9362069891768128,-0.0009312993886492562,2,REGIME_EXIT,0.8602558398311996,RANGING
22414,22415,SHORT,2026-03-28 04:05:00,2026-03-28 04:10:00,66179.66141999999,66101.012559,0.0340475552972632,2.67780144396407,0.8762680191403711,0.001188414375541455,1,TAKE_PROFIT,0.8181335248339799,RANGING
22454,22460,SHORT,2026-03-28 07:25:00,2026-03-28 07:55:00,66424.31248000001,66534.10416,0.042578631901747835,-4.674779528594269,-6.939254520735783,-0.0016528839501809293,6,TIME_EXIT,0.8027112235707494,RANGING
22571,22573,LONG,2026-03-28 17:10:00,2026-03-28 17:20:00,66884.57424,66780.04131999999,0.02536714280337518,-2.6517015092941074,-4.007977265561613,-0.0015628853317495885,2,REGIME_EXIT,0.834725220231823,RANGING
22665,22668,SHORT,2026-03-29 01:00:00,2026-03-29 01:15:00,66431.01114,66544.90632000001,0.026810754387241394,-3.0536156968708306,-4.479689561846088,-0.0017144881290453108,3,REGIME_EXIT,0.9870238312355234,RANGING
22709,22711,LONG,2026-03-29 04:40:00,2026-03-29 04:50:00,66767.8509,66728.55162,0.03129417669315228,-1.2298386122338705,-2.9009026155782944,-0.0005885958507016517,2,REGIME_EXIT,0.8575363165001841,RANGING
22728,22729,SHORT,2026-03-29 06:15:00,2026-03-29 06:20:00,66776.642,66721.966725,0.03415397070498971,1.8673777406373049,0.04357471201709129,0.0008187784435162435,1,TAKE_PROFIT,0.8186346704368874,RANGING
22759,22762,SHORT,2026-03-29 08:50:00,2026-03-29 09:05:00,66681.66100000001,66655.44842399999,0.03898155399634322,1.0218069467280264,-1.0572681455631656,0.0003931002258629986,3,TAKE_PROFIT,0.8471823182235068,RANGING
22806,22807,LONG,2026-03-29 12:45:00,2026-03-29 12:50:00,66721.74167999999,66755.36625600001,0.031052744169888808,1.0441353563494964,-0.6137968377598007,0.0005039523122954625,1,TAKE_PROFIT,0.8668866728651091,RANGING
22895,22897,SHORT,2026-03-29 20:10:00,2026-03-29 20:20:00,66424.31248000001,66647.58753874835,0.03481852342443454,-7.774107863121285,-9.627454690296005,-0.0033613454232676167,2,STOP_LOSS,0.8234272043918922,RANGING
23057,23063,LONG,2026-03-30 09:40:00,2026-03-30 10:10:00,67516.70064,67398.41762,0.021777000987965145,-2.5758494433995573,-3.751068108855339,-0.001751907585512647,6,TIME_EXIT,0.828010132630171,RANGING
23186,23192,SHORT,2026-03-30 20:25:00,2026-03-30 20:55:00,66616.57402,66628.22297999999,0.01853452275516387,-0.21590791419383334,-1.2037594029953094,-0.0001748657923551282,6,TIME_EXIT,0.8208780379567269,RANGING
23195,23201,SHORT,2026-03-30 21:10:00,2026-03-30 21:40:00,66666.664,66913.38,0.02306260448602319,-5.6899135283737055,-6.9221950171727356,-0.003700740148029611,6,TIME_EXIT,0.8157350684120307,RANGING
23215,23221,LONG,2026-03-30 22:50:00,2026-03-30 23:20:00,66713.44002000001,66619.37346,0.021452844821230003,-2.0179953145470626,-3.1621425774128404,-0.0014100091371664597,6,TIME_EXIT,0.9105993414135913,RANGING
23269,23275,LONG,2026-03-31 03:20:00,2026-03-31 03:50:00,67829.5632,67675.16226,0.015488784657326808,-2.3914829105489424,-3.231004315628994,-0.002276307449374918,6,TIME_EXIT,0.902705285385726,RANGING
23276,23281,LONG,2026-03-31 03:55:00,2026-03-31 04:20:00,67702.13772,67838.54957599999,0.016552807432492322,2.2579991838767324,1.3605676254453938,0.002014882551628704,5,TAKE_PROFIT,0.8606447535240468,RANGING
23461,23464,SHORT,2026-03-31 19:20:00,2026-03-31 19:35:00,67869.62336,67757.163723,0.012335932165183887,1.3872944533531133,0.7180613152580229,0.001656995153833025,3,TAKE_PROFIT,0.8094042292496061,RANGING
23473,23479,SHORT,2026-03-31 20:20:00,2026-03-31 20:50:00,67969.20344,68191.1355,0.014312858924539654,-3.1764822656125626,-3.956019754558852,-0.0032651855365043022,6,TIME_EXIT,0.8214112605424785,RANGING
23514,23517,SHORT,2026-03-31 23:45:00,2026-04-01 00:00:00,68257.74571999999,68181.098493,0.020490110997030807,1.5705101888444941,0.4522513639521084,0.0011229088536619492,3,TAKE_PROFIT,0.8006075365710846,RANGING
23657,23661,SHORT,2026-04-01 11:40:00,2026-04-01 12:00:00,68568.7835,68527.542768,0.022653739566997233,0.9342568022804573,-0.3080409860664842,0.0006014505419948957,4,TAKE_PROFIT,0.8770759220526199,RANGING
23667,23669,LONG,2026-04-01 12:30:00,2026-04-01 12:40:00,68493.99606,68539.33939,0.021643422829579286,0.9813848636909045,-0.2049633046658662,0.0006620044472258344,2,TAKE_PROFIT,0.8031534063228406,RANGING
23751,23752,SHORT,2026-04-01 19:30:00,2026-04-01 19:35:00,68231.15104000001,68124.697215,0.01799571173876131,1.9157123481888787,0.9341841325523746,0.0015601938905824837,1,TAKE_PROFIT,0.901123409897991,RANGING
23755,23756,SHORT,2026-04-01 19:50:00,2026-04-01 19:55:00,68216.354,68126.00747699999,0.017538327799688027,1.5845269359363117,0.6280401245094384,0.0013244114893624292,1,TAKE_PROFIT,0.9539441053183981,RANGING
23876,23880,SHORT,2026-04-02 05:55:00,2026-04-02 06:15:00,66488.99954,66791.45562000001,0.019633093587969573,-5.938148524890482,-6.984831584731867,-0.00454896422103697,4,REGIME_EXIT,0.8368407200315917,RANGING
23934,23938,SHORT,2026-04-02 10:45:00,2026-04-02 11:05:00,66427.51184,66378.92313,0.02441974612512071,1.1865239627473803,-0.1107158075525212,0.0007314546135198265,4,TAKE_PROFIT,0.8286863228548769,RANGING
24078,24084,SHORT,2026-04-02 22:45:00,2026-04-02 23:15:00,66933.81056,66942.18576000001,0.02569006906189562,-0.21515946640743225,-1.590872902883786,-0.0001251265979022949,6,TIME_EXIT,0.8360423087364113,RANGING
24089,24093,LONG,2026-04-02 23:40:00,2026-04-03 00:00:00,66875.57243999999,66917.298863,0.027980184087230013,1.1675129968420375,-0.32990667060476797,0.0006239411713066246,4,TAKE_PROFIT,0.9129315292819196,RANGING
24096,24097,LONG,2026-04-03 00:15:00,2026-04-03 00:20:00,66853.26797999999,66903.951533,0.028033977216753048,1.4208615700663718,-0.07903716769509939,0.0007581312706384448,1,TAKE_PROFIT,0.8487893633623693,RANGING
24147,24150,LONG,2026-04-03 04:30:00,2026-04-03 04:45:00,66519.00114,66558.525632,0.025048410611658807,0.9900257048335086,-0.34332650867412107,0.0005941834862617028,3,TAKE_PROFIT,0.8027581644317511,RANGING
24225,24231,SHORT,2026-04-03 11:00:00,2026-04-03 11:30:00,66831.93094,66926.98272,0.030182491471815856,-2.8688995392307457,-4.483770447559667,-0.0014222509908524022,6,TIME_EXIT,0.8321539216628007,RANGING
24235,24236,SHORT,2026-04-03 11:50:00,2026-04-03 11:55:00,66914.91434,66996.79668,0.030784099581402807,-2.5206741085181736,-4.169614687380459,-0.0012236784700036497,1,REGIME_EXIT,0.8160380600799138,RANGING
24320,24326,LONG,2026-04-03 18:55:00,2026-04-03 19:25:00,66799.75727999999,66751.84696,0.038294671703029026,-1.8347099755868899,-3.8804359115003537,-0.0007172229653346342,6,TIME_EXIT,0.8235392307202248,RANGING
24379,24382,SHORT,2026-04-03 23:50:00,2026-04-04 00:05:00,66877.1219,66873.897105,0.052805835650756125,0.17028799477748066,-2.654845736302195,4.8219703665236593e-05,3,TAKE_PROFIT,0.811104206233161,RANGING
24418,24423,SHORT,2026-04-04 03:05:00,2026-04-04 03:30:00,66833.43064,66830.048337,0.05881896167299691,0.19894355052380228,-2.945835268287234,5.060795125458454e-05,5,TAKE_PROFIT,0.8215395927462302,RANGING
24533,24539,LONG,2026-04-04 12:40:00,2026-04-04 13:10:00,67068.81108,67058.48561999999,0.05416758481773719,-0.5593052303325479,-3.4654459184809685,-0.0001539532285385384,6,TIME_EXIT,0.8579367010693825,RANGING
24641,24643,SHORT,2026-04-04 21:40:00,2026-04-04 21:50:00,67252.24686,67384.06853436529,0.061367019998402834,-8.089503326997596,-11.39439511072451,-0.001960108108204972,2,STOP_LOSS,0.9046800422354495,RANGING
24662,24668,LONG,2026-04-04 23:25:00,2026-04-04 23:55:00,67313.35998,67257.5458,0.046337232329702924,-2.58627462595124,-5.080531956329809,-0.0008291694251567602,6,TIME_EXIT,0.9488121269489973,RANGING
24704,24707,SHORT,2026-04-05 02:55:00,2026-04-05 03:10:00,67123.47262,67172.4318,0.05014179119671353,-2.4549009807225786,-5.148435859923154,-0.0007293898555751642,3,REGIME_EXIT,0.8312561026778231,RANGING
24769,24771,SHORT,2026-04-05 08:20:00,2026-04-05 08:30:00,66844.42844,66845.16636,0.04125647591312282,-0.03044397870579411,-2.2366685977863345,-1.103936434525636e-05,2,REGIME_EXIT,0.8564352142921545,RANGING
